0,0.0833681,0.0833681,1.25069,98.7493,9034.43
0.0166667,0.254257,0.254257,3.04929,96.9507,-5030.7
0.0333333,0.445063,0.445063,4.71027,95.2897,4098.78
0.05,0.664841,0.664841,6.65349,93.3465,-2007.87
0.0666667,0.91072,0.91072,8.57474,91.4253,1908.59
0.0833333,1.18174,1.18174,10.6481,89.3519,-754.865
0.1,1.4767,1.4767,12.7353,87.2647,914.106
0.116667,1.79447,1.79447,14.9056,85.0944,-257.504
0.133333,2.13398,2.13398,17.0937,82.9063,444.519
0.15,2.49416,2.49416,19.3243,80.6757,-78.8486
0.166667,2.87401,2.87401,21.5649,78.4351,208.903
0.183333,3.27255,3.27255,23.822,76.178,-31.1876
0.2,3.68884,3.68884,26.0778,73.9222,80.5795
0.216667,4.12199,4.12199,28.3318,71.6682,-34.3606
0.233333,4.5711,4.5711,30.5734,69.4266,3.94192
0.25,5.03534,5.03534,32.7998,67.2002,-54.5584
0.266667,5.5139,5.5139,35.0041,64.9959,-45.8026
0.283333,6.00599,6.00599,37.183,62.817,-77.8972
0.3,6.51086,6.51086,39.3319,60.6681,-80.0419
0.316667,7.02779,7.02779,41.4477,58.5523,-99.0122
0.333333,7.55607,7.55607,43.527,56.473,-104.288
0.35,8.09502,8.09502,45.5676,54.4324,-116.139
0.366667,8.644,8.644,47.567,52.433,-121.44
0.383333,9.20239,9.20239,49.5235,50.4765,-129
0.4,9.76957,9.76957,51.4353,48.5647,-133.2
0.416667,10.345,10.345,53.3014,46.6986,-137.894
0.433333,10.928,10.928,55.1205,44.8795,-140.698
0.45,11.5182,11.5182,56.8921,43.1079,-143.316
0.466667,12.115,12.115,58.6154,41.3846,-144.758
0.483333,12.7179,12.7179,60.2903,39.7097,-145.795
0.5,13.3265,13.3265,61.9164,38.0836,-146.032
0.516667,13.9402,13.9402,63.4938,36.5062,-145.833
0.533333,14.5586,14.5586,65.0226,34.9774,-145.053
0.55,15.1814,15.1814,66.5032,33.4968,-143.878
0.566667,15.808,15.808,67.9358,32.0642,-142.269
0.583333,16.4382,16.4382,69.321,30.679,-140.326
0.6,17.0714,17.0714,70.6593,29.3407,-138.056
0.616667,17.7075,17.7075,71.9515,28.0485,-135.519
0.633333,18.3459,18.3459,73.1982,26.8018,-132.735
0.65,18.9865,18.9865,74.4003,25.5997,-129.747
0.666667,19.6288,19.6288,75.5587,24.4413,-126.578
0.683333,20.2725,20.2725,76.6742,23.3258,-123.259
0.7,20.9175,20.9175,77.7477,22.2523,-119.813
0.716667,21.5633,21.5633,78.7802,21.2198,-116.265
0.733333,22.2097,22.2097,79.7728,20.2272,-112.634
0.75,22.8564,22.8564,80.7265,19.2735,-108.94
0.766667,23.5033,23.5033,81.6422,18.3578,-105.2
0.783333,24.15,24.15,82.5211,17.4789,-101.431
0.8,24.7964,24.7964,83.3641,16.6359,-97.6451
0.816667,25.4421,25.4421,84.1724,15.8276,-93.8567
0.833333,26.0871,26.0871,84.9469,15.0531,-90.0771
0.85,26.7311,26.7311,85.6888,14.3112,-86.3169
0.866667,27.3739,27.3739,86.399,13.601,-82.5852
0.883333,28.0153,28.0153,87.0787,12.9213,-78.8905
0.9,28.6552,28.6552,87.7287,12.2713,-75.24
0.916667,29.2934,29.2934,88.3502,11.6498,-71.6405
0.933333,29.9297,29.9297,88.9441,11.0559,-68.0974
0.95,30.5641,30.5641,89.5114,10.4886,-64.6159
0.966667,31.1962,31.1962,90.053,9.94701,-61.2002
0.983333,31.8261,31.8261,90.5699,9.43009,-57.854
1,32.4535,32.4535,91.063,8.93695,-54.5803
1.01667,33.0784,33.0784,91.5333,8.46671,-51.3818
1.03333,33.7007,33.7007,91.9815,8.01849,-48.2604
1.05,34.3201,34.3201,92.4086,7.59142,-45.218
1.06667,34.9367,34.9367,92.8153,7.18467,-42.2556
1.08333,35.5503,35.5503,93.2026,6.79744,-39.3742
1.1,36.1609,36.1609,93.5711,6.42893,-36.5743
1.11667,36.7682,36.7682,93.9216,6.07838,-33.8562
1.13333,37.3723,37.3723,94.255,5.74504,-31.2199
1.15,37.9731,37.9731,94.5718,5.4282,-28.6651
1.16667,38.5705,38.5705,94.8729,5.12714,-26.1912
1.18333,39.1644,39.1644,95.1588,4.84121,-23.7977
1.2,39.7548,39.7548,95.4303,4.56974,-21.4838
1.21667,40.3415,40.3415,95.6879,4.3121,-19.2482
1.23333,40.9246,40.9246,95.9323,4.06769,-17.0901
1.25,41.504,41.504,96.1641,3.8359,-15.008
1.26667,42.0796,42.0796,96.3838,3.61619,-13.0007
1.28333,42.6514,42.6514,96.592,3.40799,-11.0666
1.3,43.2193,43.2193,96.7892,3.21078,-9.20436
1.31667,43.7833,43.7833,96.976,3.02405,-7.41226
1.33333,44.3434,44.3434,97.1527,2.84732,-5.68871
1.35,44.8996,44.8996,97.3199,2.68011,-4.03202
1.36667,45.4517,45.4517,97.478,2.52198,-2.44048
1.38333,45.9998,45.9998,97.6275,2.37249,-0.912361
1.4,46.5438,46.5438,97.7688,2.23122,0.554094
1.41667,47.0837,47.0837,97.9022,2.09778,1.96065
1.43333,47.6196,47.6196,98.0282,1.97178,3.30907
1.45,48.1513,48.1513,98.1471,1.85285,4.60111
1.46667,48.6788,48.6788,98.2593,1.74066,5.83854
1.48333,49.2023,49.2023,98.3652,1.63485,7.02311
1.5,49.7215,49.7215,98.4649,1.53511,8.15653
1.51667,50.2366,50.2366,98.5589,1.44112,9.24052
1.53333,50.7475,50.7475,98.6474,1.3526,10.2768
1.55,51.2542,51.2542,98.7307,1.26927,11.2669
1.56667,51.7567,51.7567,98.8092,1.19085,12.2126
1.58333,52.255,52.255,98.8829,1.11708,13.1155
1.6,52.7491,52.7491,98.9523,1.04773,13.9771
1.61667,53.239,53.239,99.0174,0.982554,14.799
1.63333,53.7248,53.7248,99.0787,0.921334,15.5826
1.65,54.2063,54.2063,99.1361,0.863858,16.3295
1.66667,54.6836,54.6836,99.1901,0.809922,17.0411
1.68333,55.1568,55.1568,99.2407,0.759333,17.7187
1.7,55.6258,55.6258,99.2881,0.711907,18.3637
1.71667,56.0906,56.0906,99.3325,0.66747,18.9775
1.73333,56.5512,56.5512,99.3741,0.625856,19.5613
1.75,57.0077,57.0077,99.4131,0.586906,20.1164
1.76667,57.4601,57.4601,99.4495,0.55047,20.644
1.78333,57.9084,57.9084,99.4836,0.516404,21.1452
1.8,58.3525,58.3525,99.5154,0.484574,21.6212
1.81667,58.7926,58.7926,99.5451,0.45485,22.073
1.83333,59.2286,59.2286,99.5729,0.42711,22.5018
1.85,59.6605,59.6605,99.5988,0.401239,22.9085
1.86667,60.0883,60.0883,99.6229,0.377125,23.2941
1.88333,60.5122,60.5122,99.6453,0.354665,23.6596
1.9,60.932,60.932,99.6662,0.333759,24.0059
1.91667,61.3479,61.3479,99.6857,0.314315,24.3338
1.93333,61.7597,61.7597,99.7038,0.296244,24.6443
1.95,62.1677,62.1677,99.7205,0.27946,24.9381
1.96667,62.5717,62.5717,99.7361,0.263886,25.216
1.98333,62.9718,62.9718,99.7506,0.249447,25.4788
2,63.368,63.368,99.7639,0.23607,25.7272
2.01667,63.7603,63.7603,99.7763,0.223689,25.9619
2.03333,64.1488,64.1488,99.7878,0.21224,26.1835
2.05,64.5335,64.5335,99.7983,0.201665,26.3927
2.06667,64.9144,64.9144,99.8081,0.191906,26.5901
2.08333,65.2916,65.2916,99.8171,0.182909,26.7763
2.1,65.665,65.665,99.8254,0.174626,26.9518
2.11667,66.0346,66.0346,99.833,0.167008,27.1173
2.13333,66.4006,66.4006,99.84,0.16001,27.2731
2.15,66.7629,66.7629,99.8464,0.153592,27.4198
2.16667,67.1216,67.1216,99.8523,0.147712,27.5579
2.18333,67.4766,67.4766,99.8577,0.142335,27.6878
2.2,67.8281,67.8281,99.8626,0.137425,27.81
2.21667,68.176,68.176,99.8671,0.132948,27.9248
2.23333,68.5204,68.5204,99.8711,0.128875,28.0326
2.25,68.8612,68.8612,99.8748,0.125176,28.1338
2.26667,69.1986,69.1986,99.8782,0.121824,28.2289
2.28333,69.5325,69.5325,99.8812,0.118793,28.318
2.3,69.8629,69.8629,99.8839,0.116059,28.4015
2.31667,70.19,70.19,99.8864,0.1136,28.4798
2.33333,70.5137,70.5137,99.8886,0.111395,28.5531
2.35,70.834,70.834,99.8906,0.109424,28.6217
2.36667,71.151,71.151,99.8923,0.107669,28.6858
2.38333,71.4647,71.4647,99.8939,0.106112,28.7458
2.4,71.7752,71.7752,99.8953,0.104737,28.8018
2.41667,72.0824,72.0824,99.8965,0.103529,28.8541
2.43333,72.3863,72.3863,99.8975,0.102475,28.9029
2.45,72.6871,72.6871,99.8984,0.101561,28.9484
2.46667,72.9848,72.9848,99.8992,0.100775,28.9908
2.48333,73.2793,73.2793,99.8999,0.100105,29.0302
2.5,73.5707,73.5707,99.9005,0.0995411,29.0669
2.51667,73.859,73.859,99.9009,0.0990734,29.1011
2.53333,74.1443,74.1443,99.9013,0.0986927,29.1328
2.55,74.4265,74.4265,99.9016,0.0983904,29.1622
2.56667,74.7058,74.7058,99.9018,0.0981588,29.1894
2.58333,74.9821,74.9821,99.902,0.0979905,29.2147
2.6,75.2554,75.2554,99.9021,0.0978787,29.238
2.61667,75.5258,75.5258,99.9022,0.0978173,29.2596
2.63333,75.7934,75.7934,99.9022,0.0978004,29.2796
2.65,76.058,76.058,99.9022,0.0978228,29.298
2.66667,76.3199,76.3199,99.9021,0.0978794,29.3149
2.68333,76.5789,76.5789,99.902,0.0979659,29.3305
2.7,76.8351,76.8351,99.9019,0.098078,29.3448
2.71667,77.0886,77.0886,99.9018,0.0982119,29.358
2.73333,77.3393,77.3393,99.9016,0.0983642,29.37
2.75,77.5874,77.5874,99.9015,0.0985316,29.381
2.76667,77.8327,77.8327,99.9013,0.0987112,29.391
2.78333,78.0755,78.0755,99.9011,0.0989004,29.4002
2.8,78.3155,78.3155,99.9009,0.0990967,29.4085
2.81667,78.553,78.553,99.9007,0.099298,29.416
2.83333,78.7879,78.7879,99.9005,0.0995021,29.4229
2.85,79.0203,79.0203,99.9003,0.0997074,29.429
2.86667,79.2501,79.2501,99.9001,0.0999122,29.4345
2.88333,79.4774,79.4774,99.8999,0.100115,29.4395
2.9,79.7022,79.7022,99.8997,0.100315,29.4439
2.91667,79.9246,79.9246,99.8995,0.10051,29.4478
2.93333,80.1446,80.1446,99.8993,0.1007,29.4513
2.95,80.3621,80.3621,99.8991,0.100883,29.4544
2.96667,80.5773,80.5773,99.8989,0.101059,29.457
2.98333,80.7901,80.7901,99.8988,0.101228,29.4594
3,81.0006,81.0006,99.8986,0.101388,29.4613
3.01667,81.2088,81.2088,99.8985,0.101539,29.463
3.03333,81.4147,81.4147,99.8983,0.10168,29.4644
3.05,81.6183,81.6183,99.8982,0.101812,29.4656
3.06667,81.8197,81.8197,99.8981,0.101934,29.4665
3.08333,82.0189,82.0189,99.898,0.102046,29.4672
3.1,82.2158,82.2158,99.8979,0.102147,29.4678
3.11667,82.4106,82.4106,99.8978,0.102238,29.4681
3.13333,82.6033,82.6033,99.8977,0.102318,29.4683
3.15,82.7938,82.7938,99.8976,0.102388,29.4683
3.16667,82.9822,82.9822,99.8976,0.102447,29.4683
3.18333,83.1686,83.1686,99.8975,0.102495,29.4681
3.2,83.3528,83.3528,99.8975,0.102533,29.4678
3.21667,83.5351,83.5351,99.8974,0.10256,29.4674
3.23333,83.7153,83.7153,99.8974,0.102577,29.4669
3.25,83.8935,83.8935,99.8974,0.102584,29.4664
3.26667,84.0698,84.0698,99.8974,0.10258,29.4658
3.28333,84.244,84.244,99.8974,0.102567,29.4651
3.3,84.4164,84.4164,99.8975,0.102545,29.4644
3.31667,84.5868,84.5868,99.8975,0.102513,29.4636
3.33333,84.7554,84.7554,99.8975,0.102471,29.4629
3.35,84.922,84.922,99.8976,0.102421,29.462
3.36667,85.0868,85.0868,99.8976,0.102362,29.4612
3.38333,85.2498,85.2498,99.8977,0.102294,29.4603
3.4,85.411,85.411,99.8978,0.102218,29.4595
3.41667,85.5703,85.5703,99.8979,0.102134,29.4586
3.43333,85.7279,85.7279,99.898,0.102042,29.4577
3.45,85.8838,85.8838,99.8981,0.101942,29.4568
3.46667,86.0379,86.0379,99.8982,0.101836,29.4559
3.48333,86.1902,86.1902,99.8983,0.101722,29.4551
3.5,86.3409,86.3409,99.8984,0.101601,29.4542
3.51667,86.4899,86.4899,99.8985,0.101473,29.4533
3.53333,86.6372,86.6372,99.8987,0.10134,29.4524
3.55,86.7829,86.7829,99.8988,0.1012,29.4516
3.56667,86.9269,86.9269,99.8989,0.101054,29.4508
3.58333,87.0693,87.0693,99.8991,0.100903,29.4499
3.6,87.2102,87.2102,99.8993,0.100746,29.4491
3.61667,87.3494,87.3494,99.8994,0.100584,29.4483
3.63333,87.4871,87.4871,99.8996,0.100417,29.4475
3.65,87.6233,87.6233,99.8998,0.100245,29.4468
3.66667,87.7579,87.7579,99.8999,0.100069,29.446
3.68333,87.891,87.891,99.9001,0.0998885,29.4453
3.7,88.0226,88.0226,99.9003,0.0997037,29.4446
3.71667,88.1528,88.1528,99.9005,0.0995149,29.4439
3.73333,88.2815,88.2815,99.9007,0.0993224,29.4433
3.75,88.4087,88.4087,99.9009,0.0991263,29.4426
3.76667,88.5345,88.5345,99.9011,0.0989267,29.442
3.78333,88.6589,88.6589,99.9013,0.098724,29.4414
3.8,88.7819,88.7819,99.9015,0.0985181,29.4408
3.81667,88.9035,88.9035,99.9017,0.0983093,29.4402
3.83333,89.0238,89.0238,99.9019,0.0980978,29.4396
3.85,89.1427,89.1427,99.9021,0.0978837,29.4391
3.86667,89.2603,89.2603,99.9023,0.0976671,29.4386
3.88333,89.3765,89.3765,99.9026,0.0974482,29.4381
3.9,89.4914,89.4914,99.9028,0.0972271,29.4376
3.91667,89.6051,89.6051,99.903,0.097004,29.4372
3.93333,89.7174,89.7174,99.9032,0.0967789,29.4367
3.95,89.8285,89.8285,99.9034,0.0965521,29.4363
3.96667,89.9384,89.9384,99.9037,0.0963235,29.4359
3.98333,90.047,90.047,99.9039,0.0960934,29.4355
4,90.1543,90.1543,99.9041,0.0958618,29.4351
4.01667,90.2605,90.2605,99.9044,0.0956289,29.4347
4.03333,90.3655,90.3655,99.9046,0.0953946,29.4344
4.05,90.4693,90.4693,99.9048,0.0951592,29.434
4.06667,90.5719,90.5719,99.9051,0.0949228,29.4337
4.08333,90.6734,90.6734,99.9053,0.0946853,29.4334
4.1,90.7737,90.7737,99.9056,0.094447,29.4331
4.11667,90.8729,90.8729,99.9058,0.0942078,29.4328
4.13333,90.9709,90.9709,99.906,0.0939678,29.4326
4.15,91.0679,91.0679,99.9063,0.0937272,29.4323
4.16667,91.1638,91.1638,99.9065,0.093486,29.4321
4.18333,91.2586,91.2586,99.9068,0.0932443,29.4318
4.2,91.3523,91.3523,99.907,0.093002,29.4316
4.21667,91.4449,91.4449,99.9072,0.0927594,29.4314
4.23333,91.5366,91.5366,99.9075,0.0925164,29.4312
4.25,91.6271,91.6271,99.9077,0.0922731,29.431
4.26667,91.7167,91.7167,99.908,0.0920295,29.4308
4.28333,91.8052,91.8052,99.9082,0.0917858,29.4306
4.3,91.8928,91.8928,99.9085,0.0915418,29.4305
4.31667,91.9794,91.9794,99.9087,0.0912978,29.4303
4.33333,92.0649,92.0649,99.9089,0.0910538,29.4302
4.35,92.1496,92.1496,99.9092,0.0908097,29.43
4.36667,92.2332,92.2332,99.9094,0.0905656,29.4299
4.38333,92.3159,92.3159,99.9097,0.0903216,29.4297
4.4,92.3977,92.3977,99.9099,0.0900776,29.4296
4.41667,92.4786,92.4786,99.9102,0.0898338,29.4295
4.43333,92.5585,92.5585,99.9104,0.0895901,29.4294
4.45,92.6376,92.6376,99.9107,0.0893466,29.4293
4.46667,92.7157,92.7157,99.9109,0.0891034,29.4292
4.48333,92.793,92.793,99.9111,0.0888603,29.4291
4.5,92.8694,92.8694,99.9114,0.0886176,29.429
4.51667,92.9449,92.9449,99.9116,0.0883751,29.4289
4.53333,93.0196,93.0196,99.9119,0.0881329,29.4288
4.55,93.0934,93.0934,99.9121,0.0878911,29.4288
4.56667,93.1664,93.1664,99.9124,0.0876496,29.4287
4.58333,93.2386,93.2386,99.9126,0.0874084,29.4286
4.6,93.31,93.31,99.9128,0.0871677,29.4286
4.61667,93.3805,93.3805,99.9131,0.0869274,29.4285
4.63333,93.4503,93.4503,99.9133,0.0866874,29.4285
4.65,93.5192,93.5192,99.9136,0.0864479,29.4284
4.66667,93.5874,93.5874,99.9138,0.0862089,29.4284
4.68333,93.6548,93.6548,99.914,0.0859703,29.4283
4.7,93.7215,93.7215,99.9143,0.0857322,29.4283
4.71667,93.7874,93.7874,99.9145,0.0854946,29.4282
4.73333,93.8526,93.8526,99.9147,0.0852574,29.4282
4.75,93.917,93.917,99.915,0.0850208,29.4282
4.76667,93.9807,93.9807,99.9152,0.0847847,29.4281
4.78333,94.0437,94.0437,99.9155,0.0845491,29.4281
4.8,94.1059,94.1059,99.9157,0.084314,29.4281
4.81667,94.1675,94.1675,99.9159,0.0840795,29.4281
4.83333,94.2284,94.2284,99.9162,0.0838455,29.428
4.85,94.2885,94.2885,99.9164,0.0836121,29.428
4.86667,94.3481,94.3481,99.9166,0.0833792,29.428
4.88333,94.4069,94.4069,99.9169,0.0831469,29.428
4.9,94.465,94.465,99.9171,0.0829151,29.428
4.91667,94.5226,94.5226,99.9173,0.0826839,29.4279
4.93333,94.5794,94.5794,99.9175,0.0824533,29.4279
4.95,94.6356,94.6356,99.9178,0.0822233,29.4279
4.96667,94.6912,94.6912,99.918,0.0819938,29.4279
4.98333,94.7462,94.7462,99.9182,0.0817649,29.4279
5,94.8005,94.8005,99.9185,0.0815366,29.4279
5.01667,94.8542,94.8542,99.9187,0.0813089,29.4279
5.03333,94.9074,94.9074,99.9189,0.0810818,29.4279
5.05,94.9599,94.9599,99.9191,0.0808553,29.4279
5.06667,95.0118,95.0118,99.9194,0.0806294,29.4279
5.08333,95.0631,95.0631,99.9196,0.0804041,29.4278
5.1,95.1139,95.1139,99.9198,0.0801794,29.4278
5.11667,95.1641,95.1641,99.92,0.0799553,29.4278
5.13333,95.2137,95.2137,99.9203,0.0797318,29.4278
5.15,95.2628,95.2628,99.9205,0.0795088,29.4278
5.16667,95.3113,95.3113,99.9207,0.0792865,29.4278
5.18333,95.3592,95.3592,99.9209,0.0790648,29.4278
5.2,95.4067,95.4067,99.9212,0.0788437,29.4278
5.21667,95.4536,95.4536,99.9214,0.0786232,29.4278
5.23333,95.4999,95.4999,99.9216,0.0784033,29.4278
5.25,95.5458,95.5458,99.9218,0.078184,29.4278
5.26667,95.5911,95.5911,99.922,0.0779653,29.4278
5.28333,95.6359,95.6359,99.9223,0.0777472,29.4278
5.3,95.6802,95.6802,99.9225,0.0775297,29.4278
5.31667,95.724,95.724,99.9227,0.0773128,29.4278
5.33333,95.7673,95.7673,99.9229,0.0770965,29.4278
5.35,95.8101,95.8101,99.9231,0.0768808,29.4278
5.36667,95.8525,95.8525,99.9233,0.0766657,29.4278
5.38333,95.8944,95.8944,99.9235,0.0764512,29.4279
5.4,95.9358,95.9358,99.9238,0.0762373,29.4279
5.41667,95.9767,95.9767,99.924,0.076024,29.4279
5.43333,96.0172,96.0172,99.9242,0.0758112,29.4279
5.45,96.0572,96.0572,99.9244,0.0755991,29.4279
5.46667,96.0967,96.0967,99.9246,0.0753876,29.4279
5.48333,96.1359,96.1359,99.9248,0.0751766,29.4279
5.5,96.1745,96.1745,99.925,0.0749663,29.4279
5.51667,96.2128,96.2128,99.9252,0.0747565,29.4279
5.53333,96.2506,96.2506,99.9255,0.0745473,29.4279
5.55,96.288,96.288,99.9257,0.0743387,29.4279
5.56667,96.325,96.325,99.9259,0.0741307,29.4279
5.58333,96.3615,96.3615,99.9261,0.0739233,29.4279
5.6,96.3977,96.3977,99.9263,0.0737165,29.4279
5.61667,96.4334,96.4334,99.9265,0.0735102,29.4279
5.63333,96.4687,96.4687,99.9267,0.0733045,29.4279
5.65,96.5037,96.5037,99.9269,0.0730994,29.4279
5.66667,96.5382,96.5382,99.9271,0.0728949,29.4279
5.68333,96.5724,96.5724,99.9273,0.0726909,29.4279
5.7,96.6062,96.6062,99.9275,0.0724875,29.4279
5.71667,96.6396,96.6396,99.9277,0.0722847,29.4279
5.73333,96.6726,96.6726,99.9279,0.0720825,29.428
5.75,96.7053,96.7053,99.9281,0.0718808,29.428
5.76667,96.7376,96.7376,99.9283,0.0716797,29.428
5.78333,96.7695,96.7695,99.9285,0.0714791,29.428
5.8,96.801,96.801,99.9287,0.0712792,29.428
5.81667,96.8323,96.8323,99.9289,0.0710797,29.428
5.83333,96.8631,96.8631,99.9291,0.0708809,29.428
5.85,96.8937,96.8937,99.9293,0.0706826,29.428
5.86667,96.9238,96.9238,99.9295,0.0704848,29.428
5.88333,96.9537,96.9537,99.9297,0.0702877,29.428
5.9,96.9832,96.9832,99.9299,0.070091,29.428
5.91667,97.0124,97.0124,99.9301,0.0698949,29.428
5.93333,97.0412,97.0412,99.9303,0.0696994,29.428
5.95,97.0697,97.0697,99.9305,0.0695044,29.428
5.96667,97.098,97.098,99.9307,0.06931,29.428
5.98333,97.1259,97.1259,99.9309,0.0691161,29.428
6,97.1534,97.1534,99.9311,0.0689227,29.428
6.01667,97.1807,97.1807,99.9313,0.0687299,29.428
6.03333,97.2077,97.2077,99.9315,0.0685377,29.4281
6.05,97.2344,97.2344,99.9317,0.068346,29.4281
6.06667,97.2607,97.2607,99.9318,0.0681548,29.4281
6.08333,97.2868,97.2868,99.932,0.0679641,29.4281
6.1,97.3126,97.3126,99.9322,0.067774,29.4281
6.11667,97.3381,97.3381,99.9324,0.0675844,29.4281
6.13333,97.3633,97.3633,99.9326,0.0673954,29.4281
6.15,97.3882,97.3882,99.9328,0.0672069,29.4281
6.16667,97.4129,97.4129,99.933,0.0670189,29.4281
6.18333,97.4373,97.4373,99.9332,0.0668314,29.4281
6.2,97.4614,97.4614,99.9334,0.0666445,29.4281
6.21667,97.4852,97.4852,99.9335,0.0664581,29.4281
6.23333,97.5088,97.5088,99.9337,0.0662722,29.4281
6.25,97.5321,97.5321,99.9339,0.0660868,29.4281
6.26667,97.5552,97.5552,99.9341,0.065902,29.4281
6.28333,97.578,97.578,99.9343,0.0657177,29.4281
6.3,97.6005,97.6005,99.9345,0.0655338,29.4281
6.31667,97.6228,97.6228,99.9346,0.0653506,29.4281
6.33333,97.6449,97.6449,99.9348,0.0651678,29.4282
6.35,97.6667,97.6667,99.935,0.0649855,29.4282
6.36667,97.6883,97.6883,99.9352,0.0648037,29.4282
6.38333,97.7096,97.7096,99.9354,0.0646225,29.4282
6.4,97.7307,97.7307,99.9356,0.0644417,29.4282
6.41667,97.7515,97.7515,99.9357,0.0642615,29.4282
6.43333,97.7721,97.7721,99.9359,0.0640818,29.4282
6.45,97.7925,97.7925,99.9361,0.0639026,29.4282
6.46667,97.8127,97.8127,99.9363,0.0637238,29.4282
6.48333,97.8326,97.8326,99.9365,0.0635456,29.4282
6.5,97.8524,97.8524,99.9366,0.0633679,29.4282
6.51667,97.8719,97.8719,99.9368,0.0631906,29.4282
6.53333,97.8912,97.8912,99.937,0.0630139,29.4282
6.55,97.9102,97.9102,99.9372,0.0628377,29.4282
6.56667,97.9291,97.9291,99.9373,0.0626619,29.4282
6.58333,97.9478,97.9478,99.9375,0.0624867,29.4282
6.6,97.9662,97.9662,99.9377,0.0623119,29.4282
6.61667,97.9845,97.9845,99.9379,0.0621377,29.4282
6.63333,98.0025,98.0025,99.938,0.0619639,29.4282
6.65,98.0203,98.0203,99.9382,0.0617906,29.4283
6.66667,98.038,98.038,99.9384,0.0616178,29.4283
6.68333,98.0555,98.0555,99.9386,0.0614454,29.4283
6.7,98.0727,98.0727,99.9387,0.0612736,29.4283
6.71667,98.0898,98.0898,99.9389,0.0611022,29.4283
6.73333,98.1067,98.1067,99.9391,0.0609313,29.4283
6.75,98.1234,98.1234,99.9392,0.0607609,29.4283
6.76667,98.1399,98.1399,99.9394,0.060591,29.4283
6.78333,98.1562,98.1562,99.9396,0.0604215,29.4283
6.8,98.1724,98.1724,99.9397,0.0602526,29.4283
6.81667,98.1884,98.1884,99.9399,0.0600841,29.4283
6.83333,98.2042,98.2042,99.9401,0.059916,29.4283
6.85,98.2198,98.2198,99.9403,0.0597485,29.4283
6.86667,98.2352,98.2352,99.9404,0.0595814,29.4283
6.88333,98.2505,98.2505,99.9406,0.0594147,29.4283
6.9,98.2656,98.2656,99.9408,0.0592486,29.4283
6.91667,98.2806,98.2806,99.9409,0.0590829,29.4283
6.93333,98.2954,98.2954,99.9411,0.0589176,29.4283
6.95,98.31,98.31,99.9412,0.0587529,29.4283
6.96667,98.3245,98.3245,99.9414,0.0585886,29.4283
6.98333,98.3388,98.3388,99.9416,0.0584247,29.4283
7,98.353,98.353,99.9417,0.0582613,29.4284
7.01667,98.367,98.367,99.9419,0.0580984,29.4284
7.03333,98.3808,98.3808,99.9421,0.0579359,29.4284
7.05,98.3945,98.3945,99.9422,0.0577739,29.4284
7.06667,98.408,98.408,99.9424,0.0576123,29.4284
7.08333,98.4214,98.4214,99.9425,0.0574512,29.4284
7.1,98.4347,98.4347,99.9427,0.0572905,29.4284
7.11667,98.4478,98.4478,99.9429,0.0571303,29.4284
7.13333,98.4608,98.4608,99.943,0.0569705,29.4284
7.15,98.4736,98.4736,99.9432,0.0568112,29.4284
7.16667,98.4863,98.4863,99.9433,0.0566523,29.4284
7.18333,98.4988,98.4988,99.9435,0.0564939,29.4284
7.2,98.5112,98.5112,99.9437,0.0563359,29.4284
7.21667,98.5235,98.5235,99.9438,0.0561783,29.4284
7.23333,98.5357,98.5357,99.944,0.0560212,29.4284
7.25,98.5477,98.5477,99.9441,0.0558646,29.4284
7.26667,98.5595,98.5595,99.9443,0.0557083,29.4284
7.28333,98.5713,98.5713,99.9444,0.0555525,29.4284
7.3,98.5829,98.5829,99.9446,0.0553972,29.4284
7.31667,98.5944,98.5944,99.9448,0.0552422,29.4284
7.33333,98.6058,98.6058,99.9449,0.0550878,29.4284
7.35,98.617,98.617,99.9451,0.0549337,29.4284
7.36667,98.6282,98.6282,99.9452,0.0547801,29.4285
7.38333,98.6392,98.6392,99.9454,0.0546269,29.4285
7.4,98.6501,98.6501,99.9455,0.0544741,29.4285
7.41667,98.6609,98.6609,99.9457,0.0543218,29.4285
7.43333,98.6715,98.6715,99.9458,0.0541698,29.4285
7.45,98.6821,98.6821,99.946,0.0540184,29.4285
7.46667,98.6925,98.6925,99.9461,0.0538673,29.4285
7.48333,98.7028,98.7028,99.9463,0.0537166,29.4285
7.5,98.713,98.713,99.9464,0.0535664,29.4285
7.51667,98.7231,98.7231,99.9466,0.0534166,29.4285
7.53333,98.7331,98.7331,99.9467,0.0532672,29.4285
7.55,98.743,98.743,99.9469,0.0531183,29.4285
7.56667,98.7528,98.7528,99.947,0.0529697,29.4285
7.58333,98.7624,98.7624,99.9472,0.0528216,29.4285
7.6,98.772,98.772,99.9473,0.0526739,29.4285
7.61667,98.7815,98.7815,99.9475,0.0525265,29.4285
7.63333,98.7908,98.7908,99.9476,0.0523796,29.4285
7.65,98.8001,98.8001,99.9478,0.0522332,29.4285
7.66667,98.8093,98.8093,99.9479,0.0520871,29.4285
7.68333,98.8183,98.8183,99.9481,0.0519414,29.4285
7.7,98.8273,98.8273,99.9482,0.0517962,29.4285
7.71667,98.8362,98.8362,99.9483,0.0516513,29.4285
7.73333,98.8449,98.8449,99.9485,0.0515069,29.4285
7.75,98.8536,98.8536,99.9486,0.0513628,29.4285
7.76667,98.8622,98.8622,99.9488,0.0512192,29.4286
7.78333,98.8707,98.8707,99.9489,0.0510759,29.4286
7.8,98.8791,98.8791,99.9491,0.0509331,29.4286
7.81667,98.8875,98.8875,99.9492,0.0507907,29.4286
7.83333,98.8957,98.8957,99.9494,0.0506486,29.4286
7.85,98.9039,98.9039,99.9495,0.050507,29.4286
7.86667,98.9119,98.9119,99.9496,0.0503657,29.4286
7.88333,98.9199,98.9199,99.9498,0.0502249,29.4286
7.9,98.9278,98.9278,99.9499,0.0500844,29.4286
7.91667,98.9356,98.9356,99.9501,0.0499443,29.4286
7.93333,98.9433,98.9433,99.9502,0.0498047,29.4286
7.95,98.951,98.951,99.9503,0.0496654,29.4286
7.96667,98.9585,98.9585,99.9505,0.0495265,29.4286
7.98333,98.966,98.966,99.9506,0.049388,29.4286
8,98.9734,98.9734,99.9508,0.0492499,29.4286
8.01667,98.9808,98.9808,99.9509,0.0491121,29.4286
8.03333,98.988,98.988,99.951,0.0489748,29.4286
8.05,98.9952,98.9952,99.9512,0.0488378,29.4286
8.06667,99.0023,99.0023,99.9513,0.0487013,29.4286
8.08333,99.0093,99.0093,99.9514,0.0485651,29.4286
8.1,99.0163,99.0163,99.9516,0.0484292,29.4286
8.11667,99.0232,99.0232,99.9517,0.0482938,29.4286
8.13333,99.03,99.03,99.9518,0.0481587,29.4286
8.15,99.0367,99.0367,99.952,0.0480241,29.4286
8.16667,99.0434,99.0434,99.9521,0.0478898,29.4286
8.18333,99.05,99.05,99.9522,0.0477558,29.4286
8.2,99.0565,99.0565,99.9524,0.0476223,29.4287
8.21667,99.063,99.063,99.9525,0.0474891,29.4287
8.23333,99.0694,99.0694,99.9526,0.0473563,29.4287
8.25,99.0757,99.0757,99.9528,0.0472238,29.4287
8.26667,99.082,99.082,99.9529,0.0470918,29.4287
8.28333,99.0881,99.0881,99.953,0.0469601,29.4287
8.3,99.0943,99.0943,99.9532,0.0468288,29.4287
8.31667,99.1004,99.1004,99.9533,0.0466978,29.4287
8.33333,99.1064,99.1064,99.9534,0.0465672,29.4287
8.35,99.1123,99.1123,99.9536,0.046437,29.4287
8.36667,99.1182,99.1182,99.9537,0.0463071,29.4287
8.38333,99.124,99.124,99.9538,0.0461776,29.4287
8.4,99.1298,99.1298,99.954,0.0460485,29.4287
8.41667,99.1355,99.1355,99.9541,0.0459197,29.4287
8.43333,99.1411,99.1411,99.9542,0.0457913,29.4287
8.45,99.1467,99.1467,99.9543,0.0456632,29.4287
8.46667,99.1523,99.1523,99.9545,0.0455355,29.4287
8.48333,99.1577,99.1577,99.9546,0.0454082,29.4287
8.5,99.1632,99.1632,99.9547,0.0452812,29.4287
8.51667,99.1685,99.1685,99.9548,0.0451545,29.4287
8.53333,99.1738,99.1738,99.955,0.0450283,29.4287
8.55,99.1791,99.1791,99.9551,0.0449023,29.4287
8.56667,99.1843,99.1843,99.9552,0.0447768,29.4287
8.58333,99.1894,99.1894,99.9553,0.0446515,29.4287
8.6,99.1945,99.1945,99.9555,0.0445267,29.4287
8.61667,99.1996,99.1996,99.9556,0.0444021,29.4287
8.63333,99.2046,99.2046,99.9557,0.044278,29.4287
8.65,99.2095,99.2095,99.9558,0.0441541,29.4288
8.66667,99.2144,99.2144,99.956,0.0440307,29.4288
8.68333,99.2193,99.2193,99.9561,0.0439075,29.4288
8.7,99.2241,99.2241,99.9562,0.0437847,29.4288
8.71667,99.2288,99.2288,99.9563,0.0436623,29.4288
8.73333,99.2335,99.2335,99.9565,0.0435402,29.4288
8.75,99.2382,99.2382,99.9566,0.0434184,29.4288
8.76667,99.2428,99.2428,99.9567,0.043297,29.4288
8.78333,99.2473,99.2473,99.9568,0.0431759,29.4288
8.8,99.2518,99.2518,99.9569,0.0430552,29.4288
8.81667,99.2563,99.2563,99.9571,0.0429347,29.4288
8.83333,99.2607,99.2607,99.9572,0.0428147,29.4288
8.85,99.2651,99.2651,99.9573,0.0426949,29.4288
8.86667,99.2694,99.2694,99.9574,0.0425755,29.4288
8.88333,99.2737,99.2737,99.9575,0.0424565,29.4288
8.9,99.278,99.278,99.9577,0.0423377,29.4288
8.91667,99.2822,99.2822,99.9578,0.0422193,29.4288
8.93333,99.2864,99.2864,99.9579,0.0421013,29.4288
8.95,99.2905,99.2905,99.958,0.0419835,29.4288
8.96667,99.2946,99.2946,99.9581,0.0418661,29.4288
8.98333,99.2986,99.2986,99.9583,0.041749,29.4288
9,99.3026,99.3026,99.9584,0.0416323,29.4288
9.01667,99.3066,99.3066,99.9585,0.0415158,29.4288
9.03333,99.3105,99.3105,99.9586,0.0413997,29.4288
9.05,99.3144,99.3144,99.9587,0.041284,29.4288
9.06667,99.3183,99.3183,99.9588,0.0411685,29.4288
9.08333,99.3221,99.3221,99.9589,0.0410534,29.4288
9.1,99.3259,99.3259,99.9591,0.0409386,29.4288
9.11667,99.3296,99.3296,99.9592,0.0408241,29.4288
9.13333,99.3333,99.3333,99.9593,0.0407099,29.4288
9.15,99.337,99.337,99.9594,0.0405961,29.4289
9.16667,99.3406,99.3406,99.9595,0.0404825,29.4289
9.18333,99.3442,99.3442,99.9596,0.0403693,29.4289
9.2,99.3478,99.3478,99.9597,0.0402564,29.4289
9.21667,99.3513,99.3513,99.9599,0.0401438,29.4289
9.23333,99.3548,99.3548,99.96,0.0400316,29.4289
9.25,99.3582,99.3582,99.9601,0.0399196,29.4289
9.26667,99.3617,99.3617,99.9602,0.039808,29.4289
9.28333,99.3651,99.3651,99.9603,0.0396967,29.4289
9.3,99.3684,99.3684,99.9604,0.0395856,29.4289
9.31667,99.3717,99.3717,99.9605,0.0394749,29.4289
9.33333,99.375,99.375,99.9606,0.0393645,29.4289
9.35,99.3783,99.3783,99.9607,0.0392545,29.4289
9.36667,99.3815,99.3815,99.9609,0.0391447,29.4289
9.38333,99.3847,99.3847,99.961,0.0390352,29.4289
9.4,99.3879,99.3879,99.9611,0.038926,29.4289
9.41667,99.3911,99.3911,99.9612,0.0388172,29.4289
9.43333,99.3942,99.3942,99.9613,0.0387086,29.4289
9.45,99.3973,99.3973,99.9614,0.0386004,29.4289
9.46667,99.4003,99.4003,99.9615,0.0384924,29.4289
9.48333,99.4033,99.4033,99.9616,0.0383848,29.4289
9.5,99.4063,99.4063,99.9617,0.0382774,29.4289
9.51667,99.4093,99.4093,99.9618,0.0381704,29.4289
9.53333,99.4123,99.4123,99.9619,0.0380636,29.4289
9.55,99.4152,99.4152,99.962,0.0379572,29.4289
9.56667,99.4181,99.4181,99.9621,0.037851,29.4289
9.58333,99.4209,99.4209,99.9623,0.0377452,29.4289
9.6,99.4238,99.4238,99.9624,0.0376396,29.4289
9.61667,99.4266,99.4266,99.9625,0.0375344,29.4289
9.63333,99.4293,99.4293,99.9626,0.0374294,29.4289
9.65,99.4321,99.4321,99.9627,0.0373247,29.4289
9.66667,99.4348,99.4348,99.9628,0.0372203,29.4289
9.68333,99.4375,99.4375,99.9629,0.0371162,29.429
9.7,99.4402,99.4402,99.963,0.0370124,29.429
9.71667,99.4429,99.4429,99.9631,0.0369089,29.429
9.73333,99.4455,99.4455,99.9632,0.0368057,29.429
9.75,99.4481,99.4481,99.9633,0.0367028,29.429
9.76667,99.4507,99.4507,99.9634,0.0366001,29.429
9.78333,99.4533,99.4533,99.9635,0.0364978,29.429
9.8,99.4558,99.4558,99.9636,0.0363957,29.429
9.81667,99.4583,99.4583,99.9637,0.0362939,29.429
9.83333,99.4608,99.4608,99.9638,0.0361924,29.429
9.85,99.4633,99.4633,99.9639,0.0360912,29.429
9.86667,99.4657,99.4657,99.964,0.0359903,29.429
9.88333,99.4681,99.4681,99.9641,0.0358896,29.429
9.9,99.4706,99.4706,99.9642,0.0357893,29.429
9.91667,99.4729,99.4729,99.9643,0.0356892,29.429
9.93333,99.4753,99.4753,99.9644,0.0355894,29.429
9.95,99.4776,99.4776,99.9645,0.0354898,29.429
9.96667,99.48,99.48,99.9646,0.0353906,29.429
9.98333,99.4823,99.4823,99.9647,0.0352916,29.429
10,99.4845,99.4845,99.9648,0.0351929,29.429
10.0167,99.4868,99.4868,99.9649,0.0350945,29.429
10.0333,99.489,99.489,99.965,0.0349964,29.429
10.05,99.4912,99.4912,99.9651,0.0348985,29.429
10.0667,99.4934,99.4934,99.9652,0.0348009,29.429
10.0833,99.4956,99.4956,99.9653,0.0347036,29.429
10.1,99.4978,99.4978,99.9654,0.0346065,29.429
10.1167,99.4999,99.4999,99.9655,0.0345097,29.429
10.1333,99.502,99.502,99.9656,0.0344132,29.429
10.15,99.5042,99.5042,99.9657,0.034317,29.429
10.1667,99.5062,99.5062,99.9658,0.034221,29.429
10.1833,99.5083,99.5083,99.9659,0.0341253,29.429
10.2,99.5104,99.5104,99.966,0.0340299,29.429
10.2167,99.5124,99.5124,99.9661,0.0339347,29.429
10.2333,99.5144,99.5144,99.9662,0.0338398,29.429
10.25,99.5164,99.5164,99.9663,0.0337452,29.429
10.2667,99.5184,99.5184,99.9663,0.0336508,29.429
10.2833,99.5204,99.5204,99.9664,0.0335567,29.4291
10.3,99.5223,99.5223,99.9665,0.0334628,29.4291
10.3167,99.5242,99.5242,99.9666,0.0333693,29.4291
10.3333,99.5261,99.5261,99.9667,0.0332759,29.4291
10.35,99.528,99.528,99.9668,0.0331829,29.4291
10.3667,99.5299,99.5299,99.9669,0.0330901,29.4291
10.3833,99.5318,99.5318,99.967,0.0329975,29.4291
10.4,99.5336,99.5336,99.9671,0.0329053,29.4291
10.4167,99.5355,99.5355,99.9672,0.0328132,29.4291
10.4333,99.5373,99.5373,99.9673,0.0327215,29.4291
10.45,99.5391,99.5391,99.9674,0.03263,29.4291
10.4667,99.5409,99.5409,99.9675,0.0325387,29.4291
10.4833,99.5427,99.5427,99.9676,0.0324477,29.4291
10.5,99.5444,99.5444,99.9676,0.032357,29.4291
10.5167,99.5462,99.5462,99.9677,0.0322665,29.4291
10.5333,99.5479,99.5479,99.9678,0.0321762,29.4291
10.55,99.5496,99.5496,99.9679,0.0320863,29.4291
10.5667,99.5513,99.5513,99.968,0.0319965,29.4291
10.5833,99.553,99.553,99.9681,0.031907,29.4291
10.6,99.5547,99.5547,99.9682,0.0318178,29.4291
10.6167,99.5564,99.5564,99.9683,0.0317288,29.4291
10.6333,99.558,99.558,99.9684,0.0316401,29.4291
10.65,99.5597,99.5597,99.9684,0.0315516,29.4291
10.6667,99.5613,99.5613,99.9685,0.0314634,29.4291
10.6833,99.5629,99.5629,99.9686,0.0313754,29.4291
10.7,99.5645,99.5645,99.9687,0.0312876,29.4291
10.7167,99.5661,99.5661,99.9688,0.0312001,29.4291
10.7333,99.5677,99.5677,99.9689,0.0311129,29.4291
10.75,99.5692,99.5692,99.969,0.0310259,29.4291
10.7667,99.5708,99.5708,99.9691,0.0309391,29.4291
10.7833,99.5723,99.5723,99.9691,0.0308526,29.4291
10.8,99.5738,99.5738,99.9692,0.0307663,29.4291
10.8167,99.5753,99.5753,99.9693,0.0306803,29.4291
10.8333,99.5768,99.5768,99.9694,0.0305945,29.4291
10.85,99.5783,99.5783,99.9695,0.0305089,29.4291
10.8667,99.5798,99.5798,99.9696,0.0304236,29.4291
10.8833,99.5813,99.5813,99.9697,0.0303385,29.4291
10.9,99.5827,99.5827,99.9697,0.0302537,29.4291
10.9167,99.5842,99.5842,99.9698,0.030169,29.4291
10.9333,99.5856,99.5856,99.9699,0.0300847,29.4291
10.95,99.587,99.587,99.97,0.0300005,29.4292
10.9667,99.5884,99.5884,99.9701,0.0299166,29.4292
10.9833,99.5898,99.5898,99.9702,0.029833,29.4292
11,99.5912,99.5912,99.9703,0.0297495,29.4292
11.0167,99.5926,99.5926,99.9703,0.0296663,29.4292
11.0333,99.594,99.594,99.9704,0.0295834,29.4292
11.05,99.5953,99.5953,99.9705,0.0295006,29.4292
11.0667,99.5967,99.5967,99.9706,0.0294181,29.4292
11.0833,99.598,99.598,99.9707,0.0293359,29.4292
11.1,99.5993,99.5993,99.9707,0.0292538,29.4292
11.1167,99.6006,99.6006,99.9708,0.029172,29.4292
11.1333,99.602,99.602,99.9709,0.0290904,29.4292
11.15,99.6033,99.6033,99.971,0.0290091,29.4292
11.1667,99.6045,99.6045,99.9711,0.028928,29.4292
11.1833,99.6058,99.6058,99.9712,0.0288471,29.4292
11.2,99.6071,99.6071,99.9712,0.0287664,29.4292
11.2167,99.6084,99.6084,99.9713,0.0286859,29.4292
11.2333,99.6096,99.6096,99.9714,0.0286057,29.4292
11.25,99.6109,99.6109,99.9715,0.0285257,29.4292
11.2667,99.6121,99.6121,99.9716,0.0284459,29.4292
11.2833,99.6133,99.6133,99.9716,0.0283664,29.4292
11.3,99.6145,99.6145,99.9717,0.0282871,29.4292
11.3167,99.6157,99.6157,99.9718,0.028208,29.4292
11.3333,99.6169,99.6169,99.9719,0.0281291,29.4292
11.35,99.6181,99.6181,99.9719,0.0280504,29.4292
11.3667,99.6193,99.6193,99.972,0.027972,29.4292
11.3833,99.6205,99.6205,99.9721,0.0278937,29.4292
11.4,99.6217,99.6217,99.9722,0.0278157,29.4292
11.4167,99.6228,99.6228,99.9723,0.0277379,29.4292
11.4333,99.624,99.624,99.9723,0.0276604,29.4292
11.45,99.6251,99.6251,99.9724,0.027583,29.4292
11.4667,99.6262,99.6262,99.9725,0.0275059,29.4292
11.4833,99.6274,99.6274,99.9726,0.0274289,29.4292
11.5,99.6285,99.6285,99.9726,0.0273522,29.4292
11.5167,99.6296,99.6296,99.9727,0.0272757,29.4292
11.5333,99.6307,99.6307,99.9728,0.0271995,29.4292
11.55,99.6318,99.6318,99.9729,0.0271234,29.4292
11.5667,99.6329,99.6329,99.973,0.0270475,29.4292
11.5833,99.634,99.634,99.973,0.0269719,29.4292
11.6,99.635,99.635,99.9731,0.0268965,29.4292
11.6167,99.6361,99.6361,99.9732,0.0268213,29.4292
11.6333,99.6372,99.6372,99.9733,0.0267462,29.4292
11.65,99.6382,99.6382,99.9733,0.0266714,29.4292
11.6667,99.6393,99.6393,99.9734,0.0265969,29.4292
11.6833,99.6403,99.6403,99.9735,0.0265225,29.4293
11.7,99.6413,99.6413,99.9736,0.0264483,29.4293
11.7167,99.6424,99.6424,99.9736,0.0263743,29.4293
11.7333,99.6434,99.6434,99.9737,0.0263006,29.4293
11.75,99.6444,99.6444,99.9738,0.026227,29.4293
11.7667,99.6454,99.6454,99.9738,0.0261537,29.4293
11.7833,99.6464,99.6464,99.9739,0.0260805,29.4293
11.8,99.6474,99.6474,99.974,0.0260076,29.4293
11.8167,99.6484,99.6484,99.9741,0.0259349,29.4293
11.8333,99.6494,99.6494,99.9741,0.0258623,29.4293
11.85,99.6503,99.6503,99.9742,0.02579,29.4293
11.8667,99.6513,99.6513,99.9743,0.0257179,29.4293
11.8833,99.6523,99.6523,99.9744,0.025646,29.4293
11.9,99.6532,99.6532,99.9744,0.0255742,29.4293
11.9167,99.6542,99.6542,99.9745,0.0255027,29.4293
11.9333,99.6551,99.6551,99.9746,0.0254314,29.4293
11.95,99.6561,99.6561,99.9746,0.0253603,29.4293
11.9667,99.657,99.657,99.9747,0.0252894,29.4293
11.9833,99.6579,99.6579,99.9748,0.0252186,29.4293
12,99.6588,99.6588,99.9749,0.0251481,29.4293
12.0167,99.6597,99.6597,99.9749,0.0250778,29.4293
12.0333,99.6607,99.6607,99.975,0.0250077,29.4293
12.05,99.6616,99.6616,99.9751,0.0249377,29.4293
12.0667,99.6625,99.6625,99.9751,0.024868,29.4293
12.0833,99.6634,99.6634,99.9752,0.0247984,29.4293
12.1,99.6642,99.6642,99.9753,0.0247291,29.4293
12.1167,99.6651,99.6651,99.9753,0.0246599,29.4293
12.1333,99.666,99.666,99.9754,0.024591,29.4293
12.15,99.6669,99.6669,99.9755,0.0245222,29.4293
12.1667,99.6677,99.6677,99.9755,0.0244536,29.4293
12.1833,99.6686,99.6686,99.9756,0.0243852,29.4293
12.2,99.6695,99.6695,99.9757,0.024317,29.4293
12.2167,99.6703,99.6703,99.9758,0.024249,29.4293
12.2333,99.6712,99.6712,99.9758,0.0241812,29.4293
12.25,99.672,99.672,99.9759,0.0241136,29.4293
12.2667,99.6728,99.6728,99.976,0.0240461,29.4293
12.2833,99.6737,99.6737,99.976,0.0239789,29.4293
12.3,99.6745,99.6745,99.9761,0.0239118,29.4293
12.3167,99.6753,99.6753,99.9762,0.023845,29.4293
12.3333,99.6762,99.6762,99.9762,0.0237783,29.4293
12.35,99.677,99.677,99.9763,0.0237118,29.4293
12.3667,99.6778,99.6778,99.9764,0.0236455,29.4293
12.3833,99.6786,99.6786,99.9764,0.0235793,29.4293
12.4,99.6794,99.6794,99.9765,0.0235134,29.4293
12.4167,99.6802,99.6802,99.9766,0.0234476,29.4293
12.4333,99.681,99.681,99.9766,0.0233821,29.4293
12.45,99.6818,99.6818,99.9767,0.0233167,29.4293
12.4667,99.6825,99.6825,99.9767,0.0232515,29.4293
12.4833,99.6833,99.6833,99.9768,0.0231864,29.4293
12.5,99.6841,99.6841,99.9769,0.0231216,29.4293
12.5167,99.6849,99.6849,99.9769,0.0230569,29.4293
12.5333,99.6856,99.6856,99.977,0.0229925,29.4293
12.55,99.6864,99.6864,99.9771,0.0229282,29.4294
12.5667,99.6872,99.6872,99.9771,0.022864,29.4294
12.5833,99.6879,99.6879,99.9772,0.0228001,29.4294
12.6,99.6887,99.6887,99.9773,0.0227363,29.4294
12.6167,99.6894,99.6894,99.9773,0.0226727,29.4294
12.6333,99.6902,99.6902,99.9774,0.0226093,29.4294
12.65,99.6909,99.6909,99.9775,0.0225461,29.4294
12.6667,99.6916,99.6916,99.9775,0.0224831,29.4294
12.6833,99.6924,99.6924,99.9776,0.0224202,29.4294
12.7,99.6931,99.6931,99.9776,0.0223575,29.4294
12.7167,99.6938,99.6938,99.9777,0.022295,29.4294
12.7333,99.6945,99.6945,99.9778,0.0222326,29.4294
12.75,99.6953,99.6953,99.9778,0.0221704,29.4294
12.7667,99.696,99.696,99.9779,0.0221084,29.4294
12.7833,99.6967,99.6967,99.978,0.0220466,29.4294
12.8,99.6974,99.6974,99.978,0.0219849,29.4294
12.8167,99.6981,99.6981,99.9781,0.0219235,29.4294
12.8333,99.6988,99.6988,99.9781,0.0218622,29.4294
12.85,99.6995,99.6995,99.9782,0.021801,29.4294
12.8667,99.7002,99.7002,99.9783,0.02174,29.4294
12.8833,99.7009,99.7009,99.9783,0.0216792,29.4294
12.9,99.7015,99.7015,99.9784,0.0216186,29.4294
12.9167,99.7022,99.7022,99.9784,0.0215582,29.4294
12.9333,99.7029,99.7029,99.9785,0.0214979,29.4294
12.95,99.7036,99.7036,99.9786,0.0214378,29.4294
12.9667,99.7043,99.7043,99.9786,0.0213778,29.4294
12.9833,99.7049,99.7049,99.9787,0.021318,29.4294
13,99.7056,99.7056,99.9787,0.0212584,29.4294
13.0167,99.7063,99.7063,99.9788,0.0211989,29.4294
13.0333,99.7069,99.7069,99.9789,0.0211397,29.4294
13.05,99.7076,99.7076,99.9789,0.0210805,29.4294
13.0667,99.7082,99.7082,99.979,0.0210216,29.4294
13.0833,99.7089,99.7089,99.979,0.0209628,29.4294
13.1,99.7095,99.7095,99.9791,0.0209042,29.4294
13.1167,99.7102,99.7102,99.9792,0.0208457,29.4294
13.1333,99.7108,99.7108,99.9792,0.0207874,29.4294
13.15,99.7114,99.7114,99.9793,0.0207293,29.4294
13.1667,99.7121,99.7121,99.9793,0.0206713,29.4294
13.1833,99.7127,99.7127,99.9794,0.0206135,29.4294
13.2,99.7133,99.7133,99.9794,0.0205559,29.4294
13.2167,99.714,99.714,99.9795,0.0204984,29.4294
13.2333,99.7146,99.7146,99.9796,0.020441,29.4294
13.25,99.7152,99.7152,99.9796,0.0203839,29.4294
13.2667,99.7158,99.7158,99.9797,0.0203269,29.4294
13.2833,99.7165,99.7165,99.9797,0.02027,29.4294
13.3,99.7171,99.7171,99.9798,0.0202133,29.4294
13.3167,99.7177,99.7177,99.9798,0.0201568,29.4294
13.3333,99.7183,99.7183,99.9799,0.0201004,29.4294
13.35,99.7189,99.7189,99.98,0.0200442,29.4294
13.3667,99.7195,99.7195,99.98,0.0199882,29.4294
13.3833,99.7201,99.7201,99.9801,0.0199323,29.4294
13.4,99.7207,99.7207,99.9801,0.0198765,29.4294
13.4167,99.7213,99.7213,99.9802,0.0198209,29.4294
13.4333,99.7219,99.7219,99.9802,0.0197655,29.4294
13.45,99.7225,99.7225,99.9803,0.0197102,29.4294
13.4667,99.7231,99.7231,99.9803,0.0196551,29.4294
13.4833,99.7236,99.7236,99.9804,0.0196001,29.4294
13.5,99.7242,99.7242,99.9805,0.0195453,29.4294
13.5167,99.7248,99.7248,99.9805,0.0194907,29.4294
13.5333,99.7254,99.7254,99.9806,0.0194362,29.4295
13.55,99.726,99.726,99.9806,0.0193818,29.4295
13.5667,99.7265,99.7265,99.9807,0.0193276,29.4295
13.5833,99.7271,99.7271,99.9807,0.0192736,29.4295
13.6,99.7277,99.7277,99.9808,0.0192197,29.4295
13.6167,99.7282,99.7282,99.9808,0.0191659,29.4295
13.6333,99.7288,99.7288,99.9809,0.0191123,29.4295
13.65,99.7294,99.7294,99.9809,0.0190589,29.4295
13.6667,99.7299,99.7299,99.981,0.0190056,29.4295
13.6833,99.7305,99.7305,99.981,0.0189524,29.4295
13.7,99.731,99.731,99.9811,0.0188994,29.4295
13.7167,99.7316,99.7316,99.9812,0.0188465,29.4295
13.7333,99.7322,99.7322,99.9812,0.0187938,29.4295
13.75,99.7327,99.7327,99.9813,0.0187413,29.4295
13.7667,99.7333,99.7333,99.9813,0.0186889,29.4295
13.7833,99.7338,99.7338,99.9814,0.0186366,29.4295
13.8,99.7343,99.7343,99.9814,0.0185845,29.4295
13.8167,99.7349,99.7349,99.9815,0.0185325,29.4295
13.8333,99.7354,99.7354,99.9815,0.0184807,29.4295
13.85,99.736,99.736,99.9816,0.018429,29.4295
13.8667,99.7365,99.7365,99.9816,0.0183775,29.4295
13.8833,99.737,99.737,99.9817,0.0183261,29.4295
13.9,99.7376,99.7376,99.9817,0.0182748,29.4295
13.9167,99.7381,99.7381,99.9818,0.0182237,29.4295
13.9333,99.7386,99.7386,99.9818,0.0181727,29.4295
13.95,99.7391,99.7391,99.9819,0.0181219,29.4295
13.9667,99.7397,99.7397,99.9819,0.0180712,29.4295
13.9833,99.7402,99.7402,99.982,0.0180207,29.4295
14,99.7407,99.7407,99.982,0.0179703,29.4295
14.0167,99.7412,99.7412,99.9821,0.0179201,29.4295
14.0333,99.7417,99.7417,99.9821,0.0178699,29.4295
14.05,99.7422,99.7422,99.9822,0.01782,29.4295
14.0667,99.7428,99.7428,99.9822,0.0177701,29.4295
14.0833,99.7433,99.7433,99.9823,0.0177204,29.4295
14.1,99.7438,99.7438,99.9823,0.0176709,29.4295
14.1167,99.7443,99.7443,99.9824,0.0176215,29.4295
14.1333,99.7448,99.7448,99.9824,0.0175722,29.4295
14.15,99.7453,99.7453,99.9825,0.017523,29.4295
14.1667,99.7458,99.7458,99.9825,0.017474,29.4295
14.1833,99.7463,99.7463,99.9826,0.0174252,29.4295
14.2,99.7468,99.7468,99.9826,0.0173764,29.4295
14.2167,99.7473,99.7473,99.9827,0.0173278,29.4295
14.2333,99.7478,99.7478,99.9827,0.0172794,29.4295
14.25,99.7483,99.7483,99.9828,0.0172311,29.4295
14.2667,99.7488,99.7488,99.9828,0.0171829,29.4295
14.2833,99.7492,99.7492,99.9829,0.0171348,29.4295
14.3,99.7497,99.7497,99.9829,0.0170869,29.4295
14.3167,99.7502,99.7502,99.983,0.0170391,29.4295
14.3333,99.7507,99.7507,99.983,0.0169915,29.4295
14.35,99.7512,99.7512,99.9831,0.0169439,29.4295
14.3667,99.7517,99.7517,99.9831,0.0168966,29.4295
14.3833,99.7521,99.7521,99.9832,0.0168493,29.4295
14.4,99.7526,99.7526,99.9832,0.0168022,29.4295
14.4167,99.7531,99.7531,99.9832,0.0167552,29.4295
14.4333,99.7536,99.7536,99.9833,0.0167083,29.4295
14.45,99.754,99.754,99.9833,0.0166616,29.4295
14.4667,99.7545,99.7545,99.9834,0.016615,29.4295
14.4833,99.755,99.755,99.9834,0.0165685,29.4295
14.5,99.7555,99.7555,99.9835,0.0165222,29.4295
14.5167,99.7559,99.7559,99.9835,0.016476,29.4295
14.5333,99.7564,99.7564,99.9836,0.0164299,29.4295
14.55,99.7569,99.7569,99.9836,0.016384,29.4295
14.5667,99.7573,99.7573,99.9837,0.0163382,29.4295
14.5833,99.7578,99.7578,99.9837,0.0162925,29.4295
14.6,99.7582,99.7582,99.9838,0.0162469,29.4295
14.6167,99.7587,99.7587,99.9838,0.0162015,29.4295
14.6333,99.7592,99.7592,99.9838,0.0161562,29.4295
14.65,99.7596,99.7596,99.9839,0.016111,29.4295
14.6667,99.7601,99.7601,99.9839,0.0160659,29.4295
14.6833,99.7605,99.7605,99.984,0.016021,29.4295
14.7,99.761,99.761,99.984,0.0159762,29.4295
14.7167,99.7614,99.7614,99.9841,0.0159315,29.4295
14.7333,99.7619,99.7619,99.9841,0.015887,29.4296
14.75,99.7623,99.7623,99.9842,0.0158425,29.4296
14.7667,99.7628,99.7628,99.9842,0.0157982,29.4296
14.7833,99.7632,99.7632,99.9842,0.015754,29.4296
14.8,99.7637,99.7637,99.9843,0.01571,29.4296
14.8167,99.7641,99.7641,99.9843,0.015666,29.4296
14.8333,99.7645,99.7645,99.9844,0.0156222,29.4296
14.85,99.765,99.765,99.9844,0.0155785,29.4296
14.8667,99.7654,99.7654,99.9845,0.015535,29.4296
14.8833,99.7658,99.7658,99.9845,0.0154915,29.4296
14.9,99.7663,99.7663,99.9846,0.0154482,29.4296
14.9167,99.7667,99.7667,99.9846,0.015405,29.4296
14.9333,99.7672,99.7672,99.9846,0.0153619,29.4296
14.95,99.7676,99.7676,99.9847,0.015319,29.4296
14.9667,99.768,99.768,99.9847,0.0152761,29.4296
14.9833,99.7684,99.7684,99.9848,0.0152334,29.4296
15,99.7689,99.7689,99.9848,0.0151908,29.4296
15.0167,99.7693,99.7693,99.9849,0.0151483,29.4296
15.0333,99.7697,99.7697,99.9849,0.015106,29.4296
15.05,99.7701,99.7701,99.9849,0.0150637,29.4296
15.0667,99.7706,99.7706,99.985,0.0150216,29.4296
15.0833,99.771,99.771,99.985,0.0149796,29.4296
15.1,99.7714,99.7714,99.9851,0.0149377,29.4296
15.1167,99.7718,99.7718,99.9851,0.0148959,29.4296
15.1333,99.7723,99.7723,99.9851,0.0148542,29.4296
15.15,99.7727,99.7727,99.9852,0.0148127,29.4296
15.1667,99.7731,99.7731,99.9852,0.0147713,29.4296
15.1833,99.7735,99.7735,99.9853,0.01473,29.4296
15.2,99.7739,99.7739,99.9853,0.0146888,29.4296
15.2167,99.7743,99.7743,99.9854,0.0146477,29.4296
15.2333,99.7747,99.7747,99.9854,0.0146067,29.4296
15.25,99.7752,99.7752,99.9854,0.0145659,29.4296
15.2667,99.7756,99.7756,99.9855,0.0145251,29.4296
15.2833,99.776,99.776,99.9855,0.0144845,29.4296
15.3,99.7764,99.7764,99.9856,0.014444,29.4296
15.3167,99.7768,99.7768,99.9856,0.0144036,29.4296
15.3333,99.7772,99.7772,99.9856,0.0143633,29.4296
15.35,99.7776,99.7776,99.9857,0.0143232,29.4296
15.3667,99.778,99.778,99.9857,0.0142831,29.4296
15.3833,99.7784,99.7784,99.9858,0.0142432,29.4296
15.4,99.7788,99.7788,99.9858,0.0142033,29.4296
15.4167,99.7792,99.7792,99.9858,0.0141636,29.4296
15.4333,99.7796,99.7796,99.9859,0.014124,29.4296
15.45,99.78,99.78,99.9859,0.0140845,29.4296
15.4667,99.7804,99.7804,99.986,0.0140451,29.4296
15.4833,99.7808,99.7808,99.986,0.0140058,29.4296
15.5,99.7812,99.7812,99.986,0.0139667,29.4296
15.5167,99.7816,99.7816,99.9861,0.0139276,29.4296
15.5333,99.782,99.782,99.9861,0.0138887,29.4296
15.55,99.7824,99.7824,99.9862,0.0138498,29.4296
15.5667,99.7827,99.7827,99.9862,0.0138111,29.4296
15.5833,99.7831,99.7831,99.9862,0.0137725,29.4296
15.6,99.7835,99.7835,99.9863,0.013734,29.4296
15.6167,99.7839,99.7839,99.9863,0.0136955,29.4296
15.6333,99.7843,99.7843,99.9863,0.0136572,29.4296
15.65,99.7847,99.7847,99.9864,0.0136191,29.4296
15.6667,99.7851,99.7851,99.9864,0.013581,29.4296
15.6833,99.7855,99.7855,99.9865,0.013543,29.4296
15.7,99.7858,99.7858,99.9865,0.0135051,29.4296
15.7167,99.7862,99.7862,99.9865,0.0134673,29.4296
15.7333,99.7866,99.7866,99.9866,0.0134297,29.4296
15.75,99.787,99.787,99.9866,0.0133921,29.4296
15.7667,99.7874,99.7874,99.9866,0.0133547,29.4296
15.7833,99.7877,99.7877,99.9867,0.0133173,29.4296
15.8,99.7881,99.7881,99.9867,0.0132801,29.4296
15.8167,99.7885,99.7885,99.9868,0.0132429,29.4296
15.8333,99.7889,99.7889,99.9868,0.0132059,29.4296
15.85,99.7892,99.7892,99.9868,0.013169,29.4296
15.8667,99.7896,99.7896,99.9869,0.0131321,29.4296
15.8833,99.79,99.79,99.9869,0.0130954,29.4296
15.9,99.7904,99.7904,99.9869,0.0130588,29.4296
15.9167,99.7907,99.7907,99.987,0.0130223,29.4296
15.9333,99.7911,99.7911,99.987,0.0129859,29.4296
15.95,99.7915,99.7915,99.9871,0.0129495,29.4296
15.9667,99.7918,99.7918,99.9871,0.0129133,29.4296
15.9833,99.7922,99.7922,99.9871,0.0128772,29.4296
16,99.7926,99.7926,99.9872,0.0128412,29.4296
16.0167,99.7929,99.7929,99.9872,0.0128053,29.4296
16.0333,99.7933,99.7933,99.9872,0.0127695,29.4296
16.05,99.7937,99.7937,99.9873,0.0127338,29.4296
16.0667,99.794,99.794,99.9873,0.0126982,29.4296
16.0833,99.7944,99.7944,99.9873,0.0126626,29.4296
16.1,99.7948,99.7948,99.9874,0.0126272,29.4296
16.1167,99.7951,99.7951,99.9874,0.0125919,29.4296
16.1333,99.7955,99.7955,99.9874,0.0125567,29.4296
16.15,99.7958,99.7958,99.9875,0.0125216,29.4296
16.1667,99.7962,99.7962,99.9875,0.0124866,29.4296
16.1833,99.7966,99.7966,99.9875,0.0124517,29.4296
16.2,99.7969,99.7969,99.9876,0.0124168,29.4296
16.2167,99.7973,99.7973,99.9876,0.0123821,29.4296
16.2333,99.7976,99.7976,99.9877,0.0123475,29.4297
16.25,99.798,99.798,99.9877,0.0123129,29.4297
16.2667,99.7983,99.7983,99.9877,0.0122785,29.4297
16.2833,99.7987,99.7987,99.9878,0.0122442,29.4297
16.3,99.799,99.799,99.9878,0.0122099,29.4297
16.3167,99.7994,99.7994,99.9878,0.0121758,29.4297
16.3333,99.7997,99.7997,99.9879,0.0121417,29.4297
16.35,99.8001,99.8001,99.9879,0.0121078,29.4297
16.3667,99.8004,99.8004,99.9879,0.0120739,29.4297
16.3833,99.8008,99.8008,99.988,0.0120402,29.4297
16.4,99.8011,99.8011,99.988,0.0120065,29.4297
16.4167,99.8015,99.8015,99.988,0.0119729,29.4297
16.4333,99.8018,99.8018,99.9881,0.0119394,29.4297
16.45,99.8022,99.8022,99.9881,0.011906,29.4297
16.4667,99.8025,99.8025,99.9881,0.0118727,29.4297
16.4833,99.8028,99.8028,99.9882,0.0118395,29.4297
16.5,99.8032,99.8032,99.9882,0.0118064,29.4297
16.5167,99.8035,99.8035,99.9882,0.0117734,29.4297
16.5333,99.8039,99.8039,99.9883,0.0117405,29.4297
16.55,99.8042,99.8042,99.9883,0.0117076,29.4297
16.5667,99.8046,99.8046,99.9883,0.0116749,29.4297
16.5833,99.8049,99.8049,99.9884,0.0116423,29.4297
16.6,99.8052,99.8052,99.9884,0.0116097,29.4297
16.6167,99.8056,99.8056,99.9884,0.0115772,29.4297
16.6333,99.8059,99.8059,99.9885,0.0115448,29.4297
16.65,99.8062,99.8062,99.9885,0.0115126,29.4297
16.6667,99.8066,99.8066,99.9885,0.0114804,29.4297
16.6833,99.8069,99.8069,99.9886,0.0114483,29.4297
16.7,99.8072,99.8072,99.9886,0.0114162,29.4297
16.7167,99.8076,99.8076,99.9886,0.0113843,29.4297
16.7333,99.8079,99.8079,99.9886,0.0113525,29.4297
16.75,99.8082,99.8082,99.9887,0.0113207,29.4297
16.7667,99.8086,99.8086,99.9887,0.0112891,29.4297
16.7833,99.8089,99.8089,99.9887,0.0112575,29.4297
16.8,99.8092,99.8092,99.9888,0.011226,29.4297
16.8167,99.8096,99.8096,99.9888,0.0111946,29.4297
16.8333,99.8099,99.8099,99.9888,0.0111633,29.4297
16.85,99.8102,99.8102,99.9889,0.0111321,29.4297
16.8667,99.8105,99.8105,99.9889,0.011101,29.4297
16.8833,99.8109,99.8109,99.9889,0.0110699,29.4297
16.9,99.8112,99.8112,99.989,0.011039,29.4297
16.9167,99.8115,99.8115,99.989,0.0110081,29.4297
16.9333,99.8118,99.8118,99.989,0.0109773,29.4297
16.95,99.8122,99.8122,99.9891,0.0109466,29.4297
16.9667,99.8125,99.8125,99.9891,0.010916,29.4297
16.9833,99.8128,99.8128,99.9891,0.0108855,29.4297
17,99.8131,99.8131,99.9891,0.010855,29.4297
17.0167,99.8135,99.8135,99.9892,0.0108247,29.4297
17.0333,99.8138,99.8138,99.9892,0.0107944,29.4297
17.05,99.8141,99.8141,99.9892,0.0107642,29.4297
17.0667,99.8144,99.8144,99.9893,0.0107341,29.4297
17.0833,99.8147,99.8147,99.9893,0.0107041,29.4297
17.1,99.815,99.815,99.9893,0.0106741,29.4297
17.1167,99.8154,99.8154,99.9894,0.0106443,29.4297
17.1333,99.8157,99.8157,99.9894,0.0106145,29.4297
17.15,99.816,99.816,99.9894,0.0105848,29.4297
17.1667,99.8163,99.8163,99.9894,0.0105552,29.4297
17.1833,99.8166,99.8166,99.9895,0.0105257,29.4297
17.2,99.8169,99.8169,99.9895,0.0104963,29.4297
17.2167,99.8173,99.8173,99.9895,0.0104669,29.4297
17.2333,99.8176,99.8176,99.9896,0.0104377,29.4297
17.25,99.8179,99.8179,99.9896,0.0104085,29.4297
17.2667,99.8182,99.8182,99.9896,0.0103794,29.4297
17.2833,99.8185,99.8185,99.9896,0.0103503,29.4297
17.3,99.8188,99.8188,99.9897,0.0103214,29.4297
17.3167,99.8191,99.8191,99.9897,0.0102925,29.4297
17.3333,99.8194,99.8194,99.9897,0.0102637,29.4297
17.35,99.8197,99.8197,99.9898,0.010235,29.4297
17.3667,99.82,99.82,99.9898,0.0102064,29.4297
17.3833,99.8204,99.8204,99.9898,0.0101779,29.4297
17.4,99.8207,99.8207,99.9899,0.0101494,29.4297
17.4167,99.821,99.821,99.9899,0.010121,29.4297
17.4333,99.8213,99.8213,99.9899,0.0100927,29.4297
17.45,99.8216,99.8216,99.9899,0.0100645,29.4297
17.4667,99.8219,99.8219,99.99,0.0100363,29.4297
17.4833,99.8222,99.8222,99.99,0.0100083,29.4297
17.5,99.8225,99.8225,99.99,0.00998029,29.4297
17.5167,99.8228,99.8228,99.99,0.00995238,29.4297
17.5333,99.8231,99.8231,99.9901,0.00992455,29.4297
17.55,99.8234,99.8234,99.9901,0.00989679,29.4297
17.5667,99.8237,99.8237,99.9901,0.00986912,29.4297
17.5833,99.824,99.824,99.9902,0.00984152,29.4297
17.6,99.8243,99.8243,99.9902,0.00981399,29.4297
17.6167,99.8246,99.8246,99.9902,0.00978655,29.4297
17.6333,99.8249,99.8249,99.9902,0.00975918,29.4297
17.65,99.8252,99.8252,99.9903,0.00973189,29.4297
17.6667,99.8255,99.8255,99.9903,0.00970467,29.4297
17.6833,99.8258,99.8258,99.9903,0.00967753,29.4297
17.7,99.8261,99.8261,99.9903,0.00965047,29.4297
17.7167,99.8264,99.8264,99.9904,0.00962348,29.4297
17.7333,99.8267,99.8267,99.9904,0.00959656,29.4297
17.75,99.827,99.827,99.9904,0.00956973,29.4297
17.7667,99.8272,99.8272,99.9905,0.00954296,29.4297
17.7833,99.8275,99.8275,99.9905,0.00951628,29.4297
17.8,99.8278,99.8278,99.9905,0.00948966,29.4297
17.8167,99.8281,99.8281,99.9905,0.00946312,29.4297
17.8333,99.8284,99.8284,99.9906,0.00943666,29.4297
17.85,99.8287,99.8287,99.9906,0.00941027,29.4297
17.8667,99.829,99.829,99.9906,0.00938395,29.4297
17.8833,99.8293,99.8293,99.9906,0.00935771,29.4297
17.9,99.8296,99.8296,99.9907,0.00933154,29.4297
17.9167,99.8299,99.8299,99.9907,0.00930544,29.4297
17.9333,99.8301,99.8301,99.9907,0.00927942,29.4297
17.95,99.8304,99.8304,99.9907,0.00925347,29.4297
17.9667,99.8307,99.8307,99.9908,0.00922759,29.4297
17.9833,99.831,99.831,99.9908,0.00920178,29.4297
18,99.8313,99.8313,99.9908,0.00917605,29.4297
18.0167,99.8316,99.8316,99.9908,0.00915039,29.4297
18.0333,99.8319,99.8319,99.9909,0.0091248,29.4297
18.05,99.8321,99.8321,99.9909,0.00909928,29.4297
18.0667,99.8324,99.8324,99.9909,0.00907383,29.4297
18.0833,99.8327,99.8327,99.991,0.00904846,29.4297
18.1,99.833,99.833,99.991,0.00902315,29.4297
18.1167,99.8333,99.8333,99.991,0.00899792,29.4297
18.1333,99.8336,99.8336,99.991,0.00897275,29.4297
18.15,99.8338,99.8338,99.9911,0.00894766,29.4297
18.1667,99.8341,99.8341,99.9911,0.00892264,29.4297
18.1833,99.8344,99.8344,99.9911,0.00889769,29.4297
18.2,99.8347,99.8347,99.9911,0.0088728,29.4297
18.2167,99.835,99.835,99.9912,0.00884799,29.4297
18.2333,99.8352,99.8352,99.9912,0.00882324,29.4298
18.25,99.8355,99.8355,99.9912,0.00879857,29.4298
18.2667,99.8358,99.8358,99.9912,0.00877396,29.4298
18.2833,99.8361,99.8361,99.9913,0.00874943,29.4298
18.3,99.8363,99.8363,99.9913,0.00872496,29.4298
18.3167,99.8366,99.8366,99.9913,0.00870056,29.4298
18.3333,99.8369,99.8369,99.9913,0.00867623,29.4298
18.35,99.8372,99.8372,99.9913,0.00865196,29.4298
18.3667,99.8374,99.8374,99.9914,0.00862777,29.4298
18.3833,99.8377,99.8377,99.9914,0.00860364,29.4298
18.4,99.838,99.838,99.9914,0.00857958,29.4298
18.4167,99.8383,99.8383,99.9914,0.00855558,29.4298
18.4333,99.8385,99.8385,99.9915,0.00853166,29.4298
18.45,99.8388,99.8388,99.9915,0.0085078,29.4298
18.4667,99.8391,99.8391,99.9915,0.008484,29.4298
18.4833,99.8394,99.8394,99.9915,0.00846028,29.4298
18.5,99.8396,99.8396,99.9916,0.00843662,29.4298
18.5167,99.8399,99.8399,99.9916,0.00841302,29.4298
18.5333,99.8402,99.8402,99.9916,0.0083895,29.4298
18.55,99.8404,99.8404,99.9916,0.00836603,29.4298
18.5667,99.8407,99.8407,99.9917,0.00834264,29.4298
18.5833,99.841,99.841,99.9917,0.00831931,29.4298
18.6,99.8412,99.8412,99.9917,0.00829604,29.4298
18.6167,99.8415,99.8415,99.9917,0.00827284,29.4298
18.6333,99.8418,99.8418,99.9918,0.0082497,29.4298
18.65,99.842,99.842,99.9918,0.00822663,29.4298
18.6667,99.8423,99.8423,99.9918,0.00820363,29.4298
18.6833,99.8426,99.8426,99.9918,0.00818068,29.4298
18.7,99.8428,99.8428,99.9918,0.00815781,29.4298
18.7167,99.8431,99.8431,99.9919,0.00813499,29.4298
18.7333,99.8434,99.8434,99.9919,0.00811224,29.4298
18.75,99.8436,99.8436,99.9919,0.00808955,29.4298
18.7667,99.8439,99.8439,99.9919,0.00806693,29.4298
18.7833,99.8441,99.8441,99.992,0.00804437,29.4298
18.8,99.8444,99.8444,99.992,0.00802187,29.4298
18.8167,99.8447,99.8447,99.992,0.00799944,29.4298
18.8333,99.8449,99.8449,99.992,0.00797707,29.4298
18.85,99.8452,99.8452,99.992,0.00795476,29.4298
18.8667,99.8454,99.8454,99.9921,0.00793251,29.4298
18.8833,99.8457,99.8457,99.9921,0.00791033,29.4298
18.9,99.846,99.846,99.9921,0.00788821,29.4298
18.9167,99.8462,99.8462,99.9921,0.00786615,29.4298
18.9333,99.8465,99.8465,99.9922,0.00784415,29.4298
18.95,99.8467,99.8467,99.9922,0.00782221,29.4298
18.9667,99.847,99.847,99.9922,0.00780034,29.4298
18.9833,99.8473,99.8473,99.9922,0.00777852,29.4298
19,99.8475,99.8475,99.9922,0.00775677,29.4298
19.0167,99.8478,99.8478,99.9923,0.00773508,29.4298
19.0333,99.848,99.848,99.9923,0.00771344,29.4298
19.05,99.8483,99.8483,99.9923,0.00769187,29.4298
19.0667,99.8485,99.8485,99.9923,0.00767036,29.4298
19.0833,99.8488,99.8488,99.9924,0.00764891,29.4298
19.1,99.849,99.849,99.9924,0.00762752,29.4298
19.1167,99.8493,99.8493,99.9924,0.00760619,29.4298
19.1333,99.8495,99.8495,99.9924,0.00758492,29.4298
19.15,99.8498,99.8498,99.9924,0.00756371,29.4298
19.1667,99.85,99.85,99.9925,0.00754255,29.4298
19.1833,99.8503,99.8503,99.9925,0.00752146,29.4298
19.2,99.8505,99.8505,99.9925,0.00750043,29.4298
19.2167,99.8508,99.8508,99.9925,0.00747945,29.4298
19.2333,99.851,99.851,99.9925,0.00745853,29.4298
19.25,99.8513,99.8513,99.9926,0.00743767,29.4298
19.2667,99.8515,99.8515,99.9926,0.00741687,29.4298
19.2833,99.8518,99.8518,99.9926,0.00739613,29.4298
19.3,99.852,99.852,99.9926,0.00737545,29.4298
19.3167,99.8523,99.8523,99.9926,0.00735482,29.4298
19.3333,99.8525,99.8525,99.9927,0.00733425,29.4298
19.35,99.8528,99.8528,99.9927,0.00731374,29.4298
19.3667,99.853,99.853,99.9927,0.00729329,29.4298
19.3833,99.8533,99.8533,99.9927,0.00727289,29.4298
19.4,99.8535,99.8535,99.9927,0.00725255,29.4298
19.4167,99.8538,99.8538,99.9928,0.00723227,29.4298
19.4333,99.854,99.854,99.9928,0.00721204,29.4298
19.45,99.8543,99.8543,99.9928,0.00719188,29.4298
19.4667,99.8545,99.8545,99.9928,0.00717176,29.4298
19.4833,99.8547,99.8547,99.9928,0.00715171,29.4298
19.5,99.855,99.855,99.9929,0.00713171,29.4298
19.5167,99.8552,99.8552,99.9929,0.00711176,29.4298
19.5333,99.8555,99.8555,99.9929,0.00709187,29.4298
19.55,99.8557,99.8557,99.9929,0.00707204,29.4298
19.5667,99.856,99.856,99.9929,0.00705226,29.4298
19.5833,99.8562,99.8562,99.993,0.00703254,29.4298
19.6,99.8564,99.8564,99.993,0.00701287,29.4298
19.6167,99.8567,99.8567,99.993,0.00699326,29.4298
19.6333,99.8569,99.8569,99.993,0.0069737,29.4298
19.65,99.8572,99.8572,99.993,0.0069542,29.4298
19.6667,99.8574,99.8574,99.9931,0.00693475,29.4298
19.6833,99.8576,99.8576,99.9931,0.00691536,29.4298
19.7,99.8579,99.8579,99.9931,0.00689602,29.4298
19.7167,99.8581,99.8581,99.9931,0.00687673,29.4298
19.7333,99.8583,99.8583,99.9931,0.0068575,29.4298
19.75,99.8586,99.8586,99.9932,0.00683832,29.4298
19.7667,99.8588,99.8588,99.9932,0.0068192,29.4298
19.7833,99.859,99.859,99.9932,0.00680013,29.4298
19.8,99.8593,99.8593,99.9932,0.00678111,29.4298
19.8167,99.8595,99.8595,99.9932,0.00676215,29.4298
19.8333,99.8598,99.8598,99.9933,0.00674324,29.4298
19.85,99.86,99.86,99.9933,0.00672438,29.4298
19.8667,99.8602,99.8602,99.9933,0.00670557,29.4298
19.8833,99.8605,99.8605,99.9933,0.00668682,29.4298
19.9,99.8607,99.8607,99.9933,0.00666812,29.4298
19.9167,99.8609,99.8609,99.9934,0.00664947,29.4298
19.9333,99.8612,99.8612,99.9934,0.00663088,29.4298
19.95,99.8614,99.8614,99.9934,0.00661233,29.4298
19.9667,99.8616,99.8616,99.9934,0.00659384,29.4298
19.9833,99.8618,99.8618,99.9934,0.0065754,29.4298
20,99.8621,99.8621,99.9934,0.00655701,29.4298
20.0167,99.8623,99.8623,99.9935,0.00653867,29.4298
20.0333,99.8625,99.8625,99.9935,0.00652039,29.4298
20.05,99.8628,99.8628,99.9935,0.00650215,29.4298
20.0667,99.863,99.863,99.9935,0.00648397,29.4298
20.0833,99.8632,99.8632,99.9935,0.00646584,29.4298
20.1,99.8635,99.8635,99.9936,0.00644775,29.4298
20.1167,99.8637,99.8637,99.9936,0.00642972,29.4298
20.1333,99.8639,99.8639,99.9936,0.00641174,29.4298
20.15,99.8641,99.8641,99.9936,0.00639381,29.4298
20.1667,99.8644,99.8644,99.9936,0.00637593,29.4298
20.1833,99.8646,99.8646,99.9936,0.0063581,29.4298
20.2,99.8648,99.8648,99.9937,0.00634032,29.4298
20.2167,99.865,99.865,99.9937,0.00632259,29.4298
20.2333,99.8653,99.8653,99.9937,0.0063049,29.4298
20.25,99.8655,99.8655,99.9937,0.00628727,29.4298
20.2667,99.8657,99.8657,99.9937,0.00626969,29.4298
20.2833,99.8659,99.8659,99.9937,0.00625215,29.4298
20.3,99.8662,99.8662,99.9938,0.00623467,29.4298
20.3167,99.8664,99.8664,99.9938,0.00621723,29.4298
20.3333,99.8666,99.8666,99.9938,0.00619985,29.4298
20.35,99.8668,99.8668,99.9938,0.00618251,29.4298
20.3667,99.867,99.867,99.9938,0.00616522,29.4298
20.3833,99.8673,99.8673,99.9939,0.00614798,29.4298
20.4,99.8675,99.8675,99.9939,0.00613078,29.4298
20.4167,99.8677,99.8677,99.9939,0.00611364,29.4298
20.4333,99.8679,99.8679,99.9939,0.00609654,29.4298
20.45,99.8682,99.8682,99.9939,0.00607949,29.4298
20.4667,99.8684,99.8684,99.9939,0.00606249,29.4298
20.4833,99.8686,99.8686,99.994,0.00604553,29.4298
20.5,99.8688,99.8688,99.994,0.00602863,29.4298
20.5167,99.869,99.869,99.994,0.00601177,29.4298
20.5333,99.8692,99.8692,99.994,0.00599496,29.4298
20.55,99.8695,99.8695,99.994,0.00597819,29.4298
20.5667,99.8697,99.8697,99.994,0.00596147,29.4298
20.5833,99.8699,99.8699,99.9941,0.0059448,29.4298
20.6,99.8701,99.8701,99.9941,0.00592817,29.4298
20.6167,99.8703,99.8703,99.9941,0.0059116,29.4298
20.6333,99.8705,99.8705,99.9941,0.00589506,29.4298
20.65,99.8708,99.8708,99.9941,0.00587858,29.4298
20.6667,99.871,99.871,99.9941,0.00586214,29.4298
20.6833,99.8712,99.8712,99.9942,0.00584574,29.4298
20.7,99.8714,99.8714,99.9942,0.0058294,29.4298
20.7167,99.8716,99.8716,99.9942,0.00581309,29.4298
20.7333,99.8718,99.8718,99.9942,0.00579684,29.4298
20.75,99.872,99.872,99.9942,0.00578062,29.4298
20.7667,99.8723,99.8723,99.9942,0.00576446,29.4298
20.7833,99.8725,99.8725,99.9943,0.00574834,29.4298
20.8,99.8727,99.8727,99.9943,0.00573226,29.4298
20.8167,99.8729,99.8729,99.9943,0.00571623,29.4298
20.8333,99.8731,99.8731,99.9943,0.00570024,29.4298
20.85,99.8733,99.8733,99.9943,0.0056843,29.4298
20.8667,99.8735,99.8735,99.9943,0.00566841,29.4298
20.8833,99.8737,99.8737,99.9943,0.00565255,29.4298
20.9,99.874,99.874,99.9944,0.00563675,29.4298
20.9167,99.8742,99.8742,99.9944,0.00562098,29.4298
20.9333,99.8744,99.8744,99.9944,0.00560526,29.4298
20.95,99.8746,99.8746,99.9944,0.00558959,29.4298
20.9667,99.8748,99.8748,99.9944,0.00557396,29.4298
20.9833,99.875,99.875,99.9944,0.00555837,29.4298
21,99.8752,99.8752,99.9945,0.00554282,29.4298
21.0167,99.8754,99.8754,99.9945,0.00552732,29.4298
21.0333,99.8756,99.8756,99.9945,0.00551186,29.4298
21.05,99.8758,99.8758,99.9945,0.00549645,29.4298
21.0667,99.876,99.876,99.9945,0.00548108,29.4298
21.0833,99.8762,99.8762,99.9945,0.00546575,29.4298
21.1,99.8764,99.8764,99.9945,0.00545046,29.4298
21.1167,99.8767,99.8767,99.9946,0.00543522,29.4298
21.1333,99.8769,99.8769,99.9946,0.00542002,29.4298
21.15,99.8771,99.8771,99.9946,0.00540486,29.4298
21.1667,99.8773,99.8773,99.9946,0.00538975,29.4298
21.1833,99.8775,99.8775,99.9946,0.00537468,29.4298
21.2,99.8777,99.8777,99.9946,0.00535964,29.4298
21.2167,99.8779,99.8779,99.9947,0.00534466,29.4298
21.2333,99.8781,99.8781,99.9947,0.00532971,29.4298
21.25,99.8783,99.8783,99.9947,0.0053148,29.4298
21.2667,99.8785,99.8785,99.9947,0.00529994,29.4299
21.2833,99.8787,99.8787,99.9947,0.00528512,29.4299
21.3,99.8789,99.8789,99.9947,0.00527034,29.4299
21.3167,99.8791,99.8791,99.9947,0.0052556,29.4299
21.3333,99.8793,99.8793,99.9948,0.0052409,29.4299
21.35,99.8795,99.8795,99.9948,0.00522625,29.4299
21.3667,99.8797,99.8797,99.9948,0.00521163,29.4299
21.3833,99.8799,99.8799,99.9948,0.00519705,29.4299
21.4,99.8801,99.8801,99.9948,0.00518252,29.4299
21.4167,99.8803,99.8803,99.9948,0.00516803,29.4299
21.4333,99.8805,99.8805,99.9948,0.00515357,29.4299
21.45,99.8807,99.8807,99.9949,0.00513916,29.4299
21.4667,99.8809,99.8809,99.9949,0.00512479,29.4299
21.4833,99.8811,99.8811,99.9949,0.00511046,29.4299
21.5,99.8813,99.8813,99.9949,0.00509617,29.4299
21.5167,99.8815,99.8815,99.9949,0.00508191,29.4299
21.5333,99.8817,99.8817,99.9949,0.0050677,29.4299
21.55,99.8819,99.8819,99.9949,0.00505353,29.4299
21.5667,99.8821,99.8821,99.995,0.0050394,29.4299
21.5833,99.8823,99.8823,99.995,0.0050253,29.4299
21.6,99.8825,99.8825,99.995,0.00501125,29.4299
21.6167,99.8827,99.8827,99.995,0.00499724,29.4299
21.6333,99.8829,99.8829,99.995,0.00498326,29.4299
21.65,99.8831,99.8831,99.995,0.00496932,29.4299
21.6667,99.8832,99.8832,99.995,0.00495543,29.4299
21.6833,99.8834,99.8834,99.9951,0.00494157,29.4299
21.7,99.8836,99.8836,99.9951,0.00492775,29.4299
21.7167,99.8838,99.8838,99.9951,0.00491397,29.4299
21.7333,99.884,99.884,99.9951,0.00490023,29.4299
21.75,99.8842,99.8842,99.9951,0.00488652,29.4299
21.7667,99.8844,99.8844,99.9951,0.00487286,29.4299
21.7833,99.8846,99.8846,99.9951,0.00485923,29.4299
21.8,99.8848,99.8848,99.9952,0.00484564,29.4299
21.8167,99.885,99.885,99.9952,0.00483209,29.4299
21.8333,99.8852,99.8852,99.9952,0.00481857,29.4299
21.85,99.8854,99.8854,99.9952,0.0048051,29.4299
21.8667,99.8856,99.8856,99.9952,0.00479166,29.4299
21.8833,99.8857,99.8857,99.9952,0.00477826,29.4299
21.9,99.8859,99.8859,99.9952,0.0047649,29.4299
21.9167,99.8861,99.8861,99.9952,0.00475157,29.4299
21.9333,99.8863,99.8863,99.9953,0.00473828,29.4299
21.95,99.8865,99.8865,99.9953,0.00472503,29.4299
21.9667,99.8867,99.8867,99.9953,0.00471182,29.4299
21.9833,99.8869,99.8869,99.9953,0.00469864,29.4299
22,99.8871,99.8871,99.9953,0.0046855,29.4299
22.0167,99.8873,99.8873,99.9953,0.0046724,29.4299
22.0333,99.8874,99.8874,99.9953,0.00465933,29.4299
22.05,99.8876,99.8876,99.9954,0.0046463,29.4299
22.0667,99.8878,99.8878,99.9954,0.00463331,29.4299
22.0833,99.888,99.888,99.9954,0.00462035,29.4299
22.1,99.8882,99.8882,99.9954,0.00460743,29.4299
22.1167,99.8884,99.8884,99.9954,0.00459454,29.4299
22.1333,99.8886,99.8886,99.9954,0.00458169,29.4299
22.15,99.8887,99.8887,99.9954,0.00456888,29.4299
22.1667,99.8889,99.8889,99.9954,0.0045561,29.4299
22.1833,99.8891,99.8891,99.9955,0.00454336,29.4299
22.2,99.8893,99.8893,99.9955,0.00453066,29.4299
22.2167,99.8895,99.8895,99.9955,0.00451799,29.4299
22.2333,99.8897,99.8897,99.9955,0.00450535,29.4299
22.25,99.8898,99.8898,99.9955,0.00449275,29.4299
22.2667,99.89,99.89,99.9955,0.00448019,29.4299
22.2833,99.8902,99.8902,99.9955,0.00446766,29.4299
22.3,99.8904,99.8904,99.9955,0.00445516,29.4299
22.3167,99.8906,99.8906,99.9956,0.0044427,29.4299
22.3333,99.8908,99.8908,99.9956,0.00443028,29.4299
22.35,99.8909,99.8909,99.9956,0.00441789,29.4299
22.3667,99.8911,99.8911,99.9956,0.00440553,29.4299
22.3833,99.8913,99.8913,99.9956,0.00439321,29.4299
22.4,99.8915,99.8915,99.9956,0.00438093,29.4299
22.4167,99.8917,99.8917,99.9956,0.00436868,29.4299
22.4333,99.8918,99.8918,99.9956,0.00435646,29.4299
22.45,99.892,99.892,99.9957,0.00434428,29.4299
22.4667,99.8922,99.8922,99.9957,0.00433213,29.4299
22.4833,99.8924,99.8924,99.9957,0.00432001,29.4299
22.5,99.8926,99.8926,99.9957,0.00430793,29.4299
22.5167,99.8927,99.8927,99.9957,0.00429588,29.4299
22.5333,99.8929,99.8929,99.9957,0.00428387,29.4299
22.55,99.8931,99.8931,99.9957,0.00427189,29.4299
22.5667,99.8933,99.8933,99.9957,0.00425994,29.4299
22.5833,99.8934,99.8934,99.9958,0.00424803,29.4299
22.6,99.8936,99.8936,99.9958,0.00423615,29.4299
22.6167,99.8938,99.8938,99.9958,0.0042243,29.4299
22.6333,99.894,99.894,99.9958,0.00421249,29.4299
22.65,99.8942,99.8942,99.9958,0.00420071,29.4299
22.6667,99.8943,99.8943,99.9958,0.00418896,29.4299
22.6833,99.8945,99.8945,99.9958,0.00417724,29.4299
22.7,99.8947,99.8947,99.9958,0.00416556,29.4299
22.7167,99.8949,99.8949,99.9958,0.00415391,29.4299
22.7333,99.895,99.895,99.9959,0.0041423,29.4299
22.75,99.8952,99.8952,99.9959,0.00413071,29.4299
22.7667,99.8954,99.8954,99.9959,0.00411916,29.4299
22.7833,99.8956,99.8956,99.9959,0.00410764,29.4299
22.8,99.8957,99.8957,99.9959,0.00409615,29.4299
22.8167,99.8959,99.8959,99.9959,0.0040847,29.4299
22.8333,99.8961,99.8961,99.9959,0.00407327,29.4299
22.85,99.8962,99.8962,99.9959,0.00406188,29.4299
22.8667,99.8964,99.8964,99.9959,0.00405052,29.4299
22.8833,99.8966,99.8966,99.996,0.0040392,29.4299
22.9,99.8968,99.8968,99.996,0.0040279,29.4299
22.9167,99.8969,99.8969,99.996,0.00401664,29.4299
22.9333,99.8971,99.8971,99.996,0.0040054,29.4299
22.95,99.8973,99.8973,99.996,0.0039942,29.4299
22.9667,99.8974,99.8974,99.996,0.00398303,29.4299
22.9833,99.8976,99.8976,99.996,0.00397189,29.4299
23,99.8978,99.8978,99.996,0.00396078,29.4299
23.0167,99.898,99.898,99.9961,0.00394971,29.4299
23.0333,99.8981,99.8981,99.9961,0.00393866,29.4299
23.05,99.8983,99.8983,99.9961,0.00392765,29.4299
23.0667,99.8985,99.8985,99.9961,0.00391666,29.4299
23.0833,99.8986,99.8986,99.9961,0.00390571,29.4299
23.1,99.8988,99.8988,99.9961,0.00389479,29.4299
23.1167,99.899,99.899,99.9961,0.00388389,29.4299
23.1333,99.8991,99.8991,99.9961,0.00387303,29.4299
23.15,99.8993,99.8993,99.9961,0.0038622,29.4299
23.1667,99.8995,99.8995,99.9961,0.0038514,29.4299
23.1833,99.8996,99.8996,99.9962,0.00384063,29.4299
23.2,99.8998,99.8998,99.9962,0.00382989,29.4299
23.2167,99.9,99.9,99.9962,0.00381918,29.4299
23.2333,99.9001,99.9001,99.9962,0.0038085,29.4299
23.25,99.9003,99.9003,99.9962,0.00379785,29.4299
23.2667,99.9005,99.9005,99.9962,0.00378723,29.4299
23.2833,99.9006,99.9006,99.9962,0.00377663,29.4299
23.3,99.9008,99.9008,99.9962,0.00376607,29.4299
23.3167,99.901,99.901,99.9962,0.00375554,29.4299
23.3333,99.9011,99.9011,99.9963,0.00374504,29.4299
23.35,99.9013,99.9013,99.9963,0.00373456,29.4299
23.3667,99.9015,99.9015,99.9963,0.00372412,29.4299
23.3833,99.9016,99.9016,99.9963,0.00371371,29.4299
23.4,99.9018,99.9018,99.9963,0.00370332,29.4299
23.4167,99.9019,99.9019,99.9963,0.00369296,29.4299
23.4333,99.9021,99.9021,99.9963,0.00368263,29.4299
23.45,99.9023,99.9023,99.9963,0.00367234,29.4299
23.4667,99.9024,99.9024,99.9963,0.00366207,29.4299
23.4833,99.9026,99.9026,99.9963,0.00365182,29.4299
23.5,99.9028,99.9028,99.9964,0.00364161,29.4299
23.5167,99.9029,99.9029,99.9964,0.00363143,29.4299
23.5333,99.9031,99.9031,99.9964,0.00362127,29.4299
23.55,99.9032,99.9032,99.9964,0.00361115,29.4299
23.5667,99.9034,99.9034,99.9964,0.00360105,29.4299
23.5833,99.9036,99.9036,99.9964,0.00359098,29.4299
23.6,99.9037,99.9037,99.9964,0.00358093,29.4299
23.6167,99.9039,99.9039,99.9964,0.00357092,29.4299
23.6333,99.904,99.904,99.9964,0.00356093,29.4299
23.65,99.9042,99.9042,99.9964,0.00355097,29.4299
23.6667,99.9044,99.9044,99.9965,0.00354104,29.4299
23.6833,99.9045,99.9045,99.9965,0.00353114,29.4299
23.7,99.9047,99.9047,99.9965,0.00352126,29.4299
23.7167,99.9048,99.9048,99.9965,0.00351142,29.4299
23.7333,99.905,99.905,99.9965,0.0035016,29.4299
23.75,99.9051,99.9051,99.9965,0.0034918,29.4299
23.7667,99.9053,99.9053,99.9965,0.00348204,29.4299
23.7833,99.9055,99.9055,99.9965,0.0034723,29.4299
23.8,99.9056,99.9056,99.9965,0.00346259,29.4299
23.8167,99.9058,99.9058,99.9965,0.00345291,29.4299
23.8333,99.9059,99.9059,99.9966,0.00344325,29.4299
23.85,99.9061,99.9061,99.9966,0.00343362,29.4299
23.8667,99.9062,99.9062,99.9966,0.00342402,29.4299
23.8833,99.9064,99.9064,99.9966,0.00341444,29.4299
23.9,99.9066,99.9066,99.9966,0.00340489,29.4299
23.9167,99.9067,99.9067,99.9966,0.00339537,29.4299
23.9333,99.9069,99.9069,99.9966,0.00338588,29.4299
23.95,99.907,99.907,99.9966,0.00337641,29.4299
23.9667,99.9072,99.9072,99.9966,0.00336697,29.4299
23.9833,99.9073,99.9073,99.9966,0.00335755,29.4299
24,99.9075,99.9075,99.9967,0.00334816,29.4299
24.0167,99.9076,99.9076,99.9967,0.0033388,29.4299
24.0333,99.9078,99.9078,99.9967,0.00332946,29.4299
24.05,99.9079,99.9079,99.9967,0.00332015,29.4299
24.0667,99.9081,99.9081,99.9967,0.00331086,29.4299
24.0833,99.9082,99.9082,99.9967,0.0033016,29.4299
24.1,99.9084,99.9084,99.9967,0.00329237,29.4299
24.1167,99.9085,99.9085,99.9967,0.00328316,29.4299
24.1333,99.9087,99.9087,99.9967,0.00327398,29.4299
24.15,99.9089,99.9089,99.9967,0.00326483,29.4299
24.1667,99.909,99.909,99.9967,0.0032557,29.4299
24.1833,99.9092,99.9092,99.9968,0.00324659,29.4299
24.2,99.9093,99.9093,99.9968,0.00323751,29.4299
24.2167,99.9095,99.9095,99.9968,0.00322846,29.4299
24.2333,99.9096,99.9096,99.9968,0.00321943,29.4299
24.25,99.9098,99.9098,99.9968,0.00321042,29.4299
24.2667,99.9099,99.9099,99.9968,0.00320145,29.4299
24.2833,99.9101,99.9101,99.9968,0.00319249,29.4299
24.3,99.9102,99.9102,99.9968,0.00318357,29.4299
24.3167,99.9104,99.9104,99.9968,0.00317466,29.4299
24.3333,99.9105,99.9105,99.9968,0.00316578,29.4299
24.35,99.9107,99.9107,99.9968,0.00315693,29.4299
24.3667,99.9108,99.9108,99.9969,0.0031481,29.4299
24.3833,99.9109,99.9109,99.9969,0.0031393,29.4299
24.4,99.9111,99.9111,99.9969,0.00313052,29.4299
24.4167,99.9112,99.9112,99.9969,0.00312176,29.4299
24.4333,99.9114,99.9114,99.9969,0.00311303,29.4299
24.45,99.9115,99.9115,99.9969,0.00310433,29.4299
24.4667,99.9117,99.9117,99.9969,0.00309565,29.4299
24.4833,99.9118,99.9118,99.9969,0.00308699,29.4299
24.5,99.912,99.912,99.9969,0.00307836,29.4299
24.5167,99.9121,99.9121,99.9969,0.00306975,29.4299
24.5333,99.9123,99.9123,99.9969,0.00306116,29.4299
24.55,99.9124,99.9124,99.9969,0.0030526,29.4299
24.5667,99.9126,99.9126,99.997,0.00304406,29.4299
24.5833,99.9127,99.9127,99.997,0.00303555,29.4299
24.6,99.9128,99.9128,99.997,0.00302706,29.4299
24.6167,99.913,99.913,99.997,0.0030186,29.4299
24.6333,99.9131,99.9131,99.997,0.00301015,29.4299
24.65,99.9133,99.9133,99.997,0.00300174,29.4299
24.6667,99.9134,99.9134,99.997,0.00299334,29.4299
24.6833,99.9136,99.9136,99.997,0.00298497,29.4299
24.7,99.9137,99.9137,99.997,0.00297662,29.4299
24.7167,99.9139,99.9139,99.997,0.0029683,29.4299
24.7333,99.914,99.914,99.997,0.00296,29.4299
24.75,99.9141,99.9141,99.997,0.00295172,29.4299
24.7667,99.9143,99.9143,99.9971,0.00294346,29.4299
24.7833,99.9144,99.9144,99.9971,0.00293523,29.4299
24.8,99.9146,99.9146,99.9971,0.00292702,29.4299
24.8167,99.9147,99.9147,99.9971,0.00291884,29.4299
24.8333,99.9149,99.9149,99.9971,0.00291068,29.4299
24.85,99.915,99.915,99.9971,0.00290254,29.4299
24.8667,99.9151,99.9151,99.9971,0.00289442,29.4299
24.8833,99.9153,99.9153,99.9971,0.00288632,29.4299
24.9,99.9154,99.9154,99.9971,0.00287825,29.4299
24.9167,99.9156,99.9156,99.9971,0.0028702,29.4299
24.9333,99.9157,99.9157,99.9971,0.00286218,29.4299
24.95,99.9158,99.9158,99.9971,0.00285417,29.4299
24.9667,99.916,99.916,99.9972,0.00284619,29.4299
24.9833,99.9161,99.9161,99.9972,0.00283823,29.4299
25,99.9163,99.9163,99.9972,0.00283029,29.4299
25.0167,99.9164,99.9164,99.9972,0.00282238,29.4299
25.0333,99.9165,99.9165,99.9972,0.00281448,29.4299
25.05,99.9167,99.9167,99.9972,0.00280661,29.4299
25.0667,99.9168,99.9168,99.9972,0.00279876,29.4299
25.0833,99.9169,99.9169,99.9972,0.00279094,29.4299
25.1,99.9171,99.9171,99.9972,0.00278313,29.4299
25.1167,99.9172,99.9172,99.9972,0.00277535,29.4299
25.1333,99.9174,99.9174,99.9972,0.00276759,29.4299
25.15,99.9175,99.9175,99.9972,0.00275985,29.4299
25.1667,99.9176,99.9176,99.9972,0.00275213,29.4299
25.1833,99.9178,99.9178,99.9973,0.00274443,29.4299
25.2,99.9179,99.9179,99.9973,0.00273676,29.4299
25.2167,99.918,99.918,99.9973,0.0027291,29.4299
25.2333,99.9182,99.9182,99.9973,0.00272147,29.4299
25.25,99.9183,99.9183,99.9973,0.00271386,29.4299
25.2667,99.9184,99.9184,99.9973,0.00270627,29.4299
25.2833,99.9186,99.9186,99.9973,0.0026987,29.4299
25.3,99.9187,99.9187,99.9973,0.00269116,29.4299
25.3167,99.9189,99.9189,99.9973,0.00268363,29.4299
25.3333,99.919,99.919,99.9973,0.00267612,29.4299
25.35,99.9191,99.9191,99.9973,0.00266864,29.4299
25.3667,99.9193,99.9193,99.9973,0.00266118,29.4299
25.3833,99.9194,99.9194,99.9973,0.00265374,29.4299
25.4,99.9195,99.9195,99.9974,0.00264631,29.4299
25.4167,99.9197,99.9197,99.9974,0.00263891,29.4299
25.4333,99.9198,99.9198,99.9974,0.00263153,29.4299
25.45,99.9199,99.9199,99.9974,0.00262417,29.4299
25.4667,99.9201,99.9201,99.9974,0.00261683,29.4299
25.4833,99.9202,99.9202,99.9974,0.00260952,29.4299
25.5,99.9203,99.9203,99.9974,0.00260222,29.4299
25.5167,99.9205,99.9205,99.9974,0.00259494,29.4299
25.5333,99.9206,99.9206,99.9974,0.00258768,29.4299
25.55,99.9207,99.9207,99.9974,0.00258045,29.4299
25.5667,99.9209,99.9209,99.9974,0.00257323,29.4299
25.5833,99.921,99.921,99.9974,0.00256603,29.4299
25.6,99.9211,99.9211,99.9974,0.00255886,29.4299
25.6167,99.9212,99.9212,99.9974,0.0025517,29.4299
25.6333,99.9214,99.9214,99.9975,0.00254457,29.4299
25.65,99.9215,99.9215,99.9975,0.00253745,29.4299
25.6667,99.9216,99.9216,99.9975,0.00253035,29.4299
25.6833,99.9218,99.9218,99.9975,0.00252328,29.4299
25.7,99.9219,99.9219,99.9975,0.00251622,29.4299
25.7167,99.922,99.922,99.9975,0.00250918,29.4299
25.7333,99.9222,99.9222,99.9975,0.00250217,29.4299
25.75,99.9223,99.9223,99.9975,0.00249517,29.4299
25.7667,99.9224,99.9224,99.9975,0.00248819,29.4299
25.7833,99.9225,99.9225,99.9975,0.00248123,29.4299
25.8,99.9227,99.9227,99.9975,0.00247429,29.4299
25.8167,99.9228,99.9228,99.9975,0.00246737,29.4299
25.8333,99.9229,99.9229,99.9975,0.00246047,29.4299
25.85,99.9231,99.9231,99.9975,0.00245359,29.4299
25.8667,99.9232,99.9232,99.9976,0.00244673,29.4299
25.8833,99.9233,99.9233,99.9976,0.00243989,29.4299
25.9,99.9234,99.9234,99.9976,0.00243307,29.4299
25.9167,99.9236,99.9236,99.9976,0.00242626,29.4299
25.9333,99.9237,99.9237,99.9976,0.00241948,29.4299
25.95,99.9238,99.9238,99.9976,0.00241271,29.4299
25.9667,99.9239,99.9239,99.9976,0.00240596,29.4299
25.9833,99.9241,99.9241,99.9976,0.00239923,29.4299
26,99.9242,99.9242,99.9976,0.00239252,29.4299
26.0167,99.9243,99.9243,99.9976,0.00238583,29.4299
26.0333,99.9244,99.9244,99.9976,0.00237916,29.4299
26.05,99.9246,99.9246,99.9976,0.00237251,29.4299
26.0667,99.9247,99.9247,99.9976,0.00236587,29.4299
26.0833,99.9248,99.9248,99.9976,0.00235926,29.4299
26.1,99.9249,99.9249,99.9976,0.00235266,29.4299
26.1167,99.9251,99.9251,99.9977,0.00234608,29.4299
26.1333,99.9252,99.9252,99.9977,0.00233952,29.4299
26.15,99.9253,99.9253,99.9977,0.00233298,29.4299
26.1667,99.9254,99.9254,99.9977,0.00232645,29.4299
26.1833,99.9256,99.9256,99.9977,0.00231994,29.4299
26.2,99.9257,99.9257,99.9977,0.00231346,29.4299
26.2167,99.9258,99.9258,99.9977,0.00230699,29.4299
26.2333,99.9259,99.9259,99.9977,0.00230054,29.4299
26.25,99.9261,99.9261,99.9977,0.0022941,29.4299
26.2667,99.9262,99.9262,99.9977,0.00228769,29.4299
26.2833,99.9263,99.9263,99.9977,0.00228129,29.4299
26.3,99.9264,99.9264,99.9977,0.00227491,29.4299
26.3167,99.9265,99.9265,99.9977,0.00226855,29.4299
26.3333,99.9267,99.9267,99.9977,0.0022622,29.4299
26.35,99.9268,99.9268,99.9977,0.00225588,29.4299
26.3667,99.9269,99.9269,99.9978,0.00224957,29.4299
26.3833,99.927,99.927,99.9978,0.00224328,29.4299
26.4,99.9272,99.9272,99.9978,0.002237,29.4299
26.4167,99.9273,99.9273,99.9978,0.00223075,29.4299
26.4333,99.9274,99.9274,99.9978,0.00222451,29.4299
26.45,99.9275,99.9275,99.9978,0.00221829,29.4299
26.4667,99.9276,99.9276,99.9978,0.00221208,29.4299
26.4833,99.9278,99.9278,99.9978,0.0022059,29.4299
26.5,99.9279,99.9279,99.9978,0.00219973,29.4299
26.5167,99.928,99.928,99.9978,0.00219358,29.4299
26.5333,99.9281,99.9281,99.9978,0.00218744,29.4299
26.55,99.9282,99.9282,99.9978,0.00218132,29.4299
26.5667,99.9284,99.9284,99.9978,0.00217522,29.4299
26.5833,99.9285,99.9285,99.9978,0.00216914,29.4299
26.6,99.9286,99.9286,99.9978,0.00216307,29.4299
26.6167,99.9287,99.9287,99.9978,0.00215702,29.4299
26.6333,99.9288,99.9288,99.9978,0.00215099,29.4299
26.65,99.9289,99.9289,99.9979,0.00214498,29.4299
26.6667,99.9291,99.9291,99.9979,0.00213898,29.4299
26.6833,99.9292,99.9292,99.9979,0.002133,29.4299
26.7,99.9293,99.9293,99.9979,0.00212703,29.4299
26.7167,99.9294,99.9294,99.9979,0.00212108,29.4299
26.7333,99.9295,99.9295,99.9979,0.00211515,29.4299
26.75,99.9297,99.9297,99.9979,0.00210924,29.4299
26.7667,99.9298,99.9298,99.9979,0.00210334,29.4299
26.7833,99.9299,99.9299,99.9979,0.00209745,29.4299
26.8,99.93,99.93,99.9979,0.00209159,29.4299
26.8167,99.9301,99.9301,99.9979,0.00208574,29.4299
26.8333,99.9302,99.9302,99.9979,0.00207991,29.4299
26.85,99.9303,99.9303,99.9979,0.00207409,29.4299
26.8667,99.9305,99.9305,99.9979,0.00206829,29.4299
26.8833,99.9306,99.9306,99.9979,0.00206251,29.4299
26.9,99.9307,99.9307,99.9979,0.00205674,29.4299
26.9167,99.9308,99.9308,99.9979,0.00205099,29.4299
26.9333,99.9309,99.9309,99.998,0.00204525,29.4299
26.95,99.931,99.931,99.998,0.00203953,29.4299
26.9667,99.9312,99.9312,99.998,0.00203383,29.4299
26.9833,99.9313,99.9313,99.998,0.00202814,29.4299
27,99.9314,99.9314,99.998,0.00202247,29.4299
27.0167,99.9315,99.9315,99.998,0.00201681,29.4299
27.0333,99.9316,99.9316,99.998,0.00201117,29.4299
27.05,99.9317,99.9317,99.998,0.00200555,29.4299
27.0667,99.9318,99.9318,99.998,0.00199994,29.4299
27.0833,99.9319,99.9319,99.998,0.00199434,29.4299
27.1,99.9321,99.9321,99.998,0.00198877,29.4299
27.1167,99.9322,99.9322,99.998,0.00198321,29.4299
27.1333,99.9323,99.9323,99.998,0.00197766,29.4299
27.15,99.9324,99.9324,99.998,0.00197213,29.4299
27.1667,99.9325,99.9325,99.998,0.00196661,29.4299
27.1833,99.9326,99.9326,99.998,0.00196111,29.4299
27.2,99.9327,99.9327,99.998,0.00195563,29.4299
27.2167,99.9328,99.9328,99.998,0.00195016,29.4299
27.2333,99.933,99.933,99.9981,0.00194471,29.4299
27.25,99.9331,99.9331,99.9981,0.00193927,29.4299
27.2667,99.9332,99.9332,99.9981,0.00193384,29.4299
27.2833,99.9333,99.9333,99.9981,0.00192844,29.4299
27.3,99.9334,99.9334,99.9981,0.00192304,29.4299
27.3167,99.9335,99.9335,99.9981,0.00191766,29.4299
27.3333,99.9336,99.9336,99.9981,0.0019123,29.4299
27.35,99.9337,99.9337,99.9981,0.00190695,29.4299
27.3667,99.9338,99.9338,99.9981,0.00190162,29.4299
27.3833,99.934,99.934,99.9981,0.0018963,29.4299
27.4,99.9341,99.9341,99.9981,0.001891,29.4299
27.4167,99.9342,99.9342,99.9981,0.00188571,29.4299
27.4333,99.9343,99.9343,99.9981,0.00188044,29.4299
27.45,99.9344,99.9344,99.9981,0.00187518,29.4299
27.4667,99.9345,99.9345,99.9981,0.00186993,29.4299
27.4833,99.9346,99.9346,99.9981,0.00186471,29.4299
27.5,99.9347,99.9347,99.9981,0.00185949,29.4299
27.5167,99.9348,99.9348,99.9981,0.00185429,29.4299
27.5333,99.9349,99.9349,99.9982,0.0018491,29.4299
27.55,99.935,99.935,99.9982,0.00184393,29.4299
27.5667,99.9351,99.9351,99.9982,0.00183878,29.4299
27.5833,99.9353,99.9353,99.9982,0.00183363,29.4299
27.6,99.9354,99.9354,99.9982,0.00182851,29.4299
27.6167,99.9355,99.9355,99.9982,0.00182339,29.4299
27.6333,99.9356,99.9356,99.9982,0.00181829,29.4299
27.65,99.9357,99.9357,99.9982,0.00181321,29.4299
27.6667,99.9358,99.9358,99.9982,0.00180814,29.4299
27.6833,99.9359,99.9359,99.9982,0.00180308,29.4299
27.7,99.936,99.936,99.9982,0.00179804,29.4299
27.7167,99.9361,99.9361,99.9982,0.00179301,29.4299
27.7333,99.9362,99.9362,99.9982,0.001788,29.4299
27.75,99.9363,99.9363,99.9982,0.001783,29.4299
27.7667,99.9364,99.9364,99.9982,0.00177801,29.4299
27.7833,99.9365,99.9365,99.9982,0.00177304,29.4299
27.8,99.9366,99.9366,99.9982,0.00176808,29.43
27.8167,99.9367,99.9367,99.9982,0.00176313,29.43
27.8333,99.9368,99.9368,99.9982,0.0017582,29.43
27.85,99.937,99.937,99.9982,0.00175329,29.43
27.8667,99.9371,99.9371,99.9983,0.00174838,29.43
27.8833,99.9372,99.9372,99.9983,0.00174349,29.43
27.9,99.9373,99.9373,99.9983,0.00173862,29.43
27.9167,99.9374,99.9374,99.9983,0.00173376,29.43
27.9333,99.9375,99.9375,99.9983,0.00172891,29.43
27.95,99.9376,99.9376,99.9983,0.00172407,29.43
27.9667,99.9377,99.9377,99.9983,0.00171925,29.43
27.9833,99.9378,99.9378,99.9983,0.00171444,29.43
28,99.9379,99.9379,99.9983,0.00170965,29.43
28.0167,99.938,99.938,99.9983,0.00170487,29.43
28.0333,99.9381,99.9381,99.9983,0.0017001,29.43
28.05,99.9382,99.9382,99.9983,0.00169534,29.43
28.0667,99.9383,99.9383,99.9983,0.0016906,29.43
28.0833,99.9384,99.9384,99.9983,0.00168587,29.43
28.1,99.9385,99.9385,99.9983,0.00168116,29.43
28.1167,99.9386,99.9386,99.9983,0.00167646,29.43
28.1333,99.9387,99.9387,99.9983,0.00167177,29.43
28.15,99.9388,99.9388,99.9983,0.00166709,29.43
28.1667,99.9389,99.9389,99.9983,0.00166243,29.43
28.1833,99.939,99.939,99.9983,0.00165778,29.43
28.2,99.9391,99.9391,99.9983,0.00165315,29.43
28.2167,99.9392,99.9392,99.9984,0.00164852,29.43
28.2333,99.9393,99.9393,99.9984,0.00164391,29.43
28.25,99.9394,99.9394,99.9984,0.00163932,29.43
28.2667,99.9395,99.9395,99.9984,0.00163473,29.43
28.2833,99.9396,99.9396,99.9984,0.00163016,29.43
28.3,99.9397,99.9397,99.9984,0.0016256,29.43
28.3167,99.9398,99.9398,99.9984,0.00162106,29.43
28.3333,99.9399,99.9399,99.9984,0.00161652,29.43
28.35,99.94,99.94,99.9984,0.001612,29.43
28.3667,99.9401,99.9401,99.9984,0.00160749,29.43
28.3833,99.9402,99.9402,99.9984,0.001603,29.43
28.4,99.9403,99.9403,99.9984,0.00159851,29.43
28.4167,99.9404,99.9404,99.9984,0.00159404,29.43
28.4333,99.9405,99.9405,99.9984,0.00158959,29.43
28.45,99.9406,99.9406,99.9984,0.00158514,29.43
28.4667,99.9407,99.9407,99.9984,0.00158071,29.43
28.4833,99.9408,99.9408,99.9984,0.00157629,29.43
28.5,99.9409,99.9409,99.9984,0.00157188,29.43
28.5167,99.941,99.941,99.9984,0.00156748,29.43
28.5333,99.9411,99.9411,99.9984,0.0015631,29.43
28.55,99.9412,99.9412,99.9984,0.00155873,29.43
28.5667,99.9413,99.9413,99.9984,0.00155437,29.43
28.5833,99.9414,99.9414,99.9984,0.00155002,29.43
28.6,99.9415,99.9415,99.9985,0.00154569,29.43
28.6167,99.9416,99.9416,99.9985,0.00154136,29.43
28.6333,99.9417,99.9417,99.9985,0.00153705,29.43
28.65,99.9418,99.9418,99.9985,0.00153276,29.43
28.6667,99.9419,99.9419,99.9985,0.00152847,29.43
28.6833,99.942,99.942,99.9985,0.00152419,29.43
28.7,99.9421,99.9421,99.9985,0.00151993,29.43
28.7167,99.9422,99.9422,99.9985,0.00151568,29.43
28.7333,99.9423,99.9423,99.9985,0.00151144,29.43
28.75,99.9424,99.9424,99.9985,0.00150722,29.43
28.7667,99.9425,99.9425,99.9985,0.001503,29.43
28.7833,99.9425,99.9425,99.9985,0.0014988,29.43
28.8,99.9426,99.9426,99.9985,0.00149461,29.43
28.8167,99.9427,99.9427,99.9985,0.00149043,29.43
28.8333,99.9428,99.9428,99.9985,0.00148626,29.43
28.85,99.9429,99.9429,99.9985,0.0014821,29.43
28.8667,99.943,99.943,99.9985,0.00147796,29.43
28.8833,99.9431,99.9431,99.9985,0.00147382,29.43
28.9,99.9432,99.9432,99.9985,0.0014697,29.43
28.9167,99.9433,99.9433,99.9985,0.00146559,29.43
28.9333,99.9434,99.9434,99.9985,0.00146149,29.43
28.95,99.9435,99.9435,99.9985,0.00145741,29.43
28.9667,99.9436,99.9436,99.9985,0.00145333,29.43
28.9833,99.9437,99.9437,99.9986,0.00144926,29.43
29,99.9438,99.9438,99.9986,0.00144521,29.43
29.0167,99.9439,99.9439,99.9986,0.00144117,29.43
29.0333,99.944,99.944,99.9986,0.00143714,29.43
29.05,99.9441,99.9441,99.9986,0.00143312,29.43
29.0667,99.9441,99.9441,99.9986,0.00142911,29.43
29.0833,99.9442,99.9442,99.9986,0.00142512,29.43
29.1,99.9443,99.9443,99.9986,0.00142113,29.43
29.1167,99.9444,99.9444,99.9986,0.00141716,29.43
29.1333,99.9445,99.9445,99.9986,0.00141319,29.43
29.15,99.9446,99.9446,99.9986,0.00140924,29.43
29.1667,99.9447,99.9447,99.9986,0.0014053,29.43
29.1833,99.9448,99.9448,99.9986,0.00140137,29.43
29.2,99.9449,99.9449,99.9986,0.00139745,29.43
29.2167,99.945,99.945,99.9986,0.00139354,29.43
29.2333,99.9451,99.9451,99.9986,0.00138965,29.43
29.25,99.9452,99.9452,99.9986,0.00138576,29.43
29.2667,99.9452,99.9452,99.9986,0.00138188,29.43
29.2833,99.9453,99.9453,99.9986,0.00137802,29.43
29.3,99.9454,99.9454,99.9986,0.00137417,29.43
29.3167,99.9455,99.9455,99.9986,0.00137032,29.43
29.3333,99.9456,99.9456,99.9986,0.00136649,29.43
29.35,99.9457,99.9457,99.9986,0.00136267,29.43
29.3667,99.9458,99.9458,99.9986,0.00135886,29.43
29.3833,99.9459,99.9459,99.9986,0.00135506,29.43
29.4,99.946,99.946,99.9986,0.00135127,29.43
29.4167,99.9461,99.9461,99.9987,0.00134749,29.43
29.4333,99.9461,99.9461,99.9987,0.00134372,29.43
29.45,99.9462,99.9462,99.9987,0.00133996,29.43
29.4667,99.9463,99.9463,99.9987,0.00133622,29.43
29.4833,99.9464,99.9464,99.9987,0.00133248,29.43
29.5,99.9465,99.9465,99.9987,0.00132875,29.43
29.5167,99.9466,99.9466,99.9987,0.00132504,29.43
29.5333,99.9467,99.9467,99.9987,0.00132133,29.43
29.55,99.9468,99.9468,99.9987,0.00131764,29.43
29.5667,99.9469,99.9469,99.9987,0.00131395,29.43
29.5833,99.9469,99.9469,99.9987,0.00131028,29.43
29.6,99.947,99.947,99.9987,0.00130661,29.43
29.6167,99.9471,99.9471,99.9987,0.00130296,29.43
29.6333,99.9472,99.9472,99.9987,0.00129931,29.43
29.65,99.9473,99.9473,99.9987,0.00129568,29.43
29.6667,99.9474,99.9474,99.9987,0.00129206,29.43
29.6833,99.9475,99.9475,99.9987,0.00128844,29.43
29.7,99.9476,99.9476,99.9987,0.00128484,29.43
29.7167,99.9476,99.9476,99.9987,0.00128125,29.43
29.7333,99.9477,99.9477,99.9987,0.00127766,29.43
29.75,99.9478,99.9478,99.9987,0.00127409,29.43
29.7667,99.9479,99.9479,99.9987,0.00127053,29.43
29.7833,99.948,99.948,99.9987,0.00126697,29.43
29.8,99.9481,99.9481,99.9987,0.00126343,29.43
29.8167,99.9482,99.9482,99.9987,0.0012599,29.43
29.8333,99.9483,99.9483,99.9987,0.00125637,29.43
29.85,99.9483,99.9483,99.9987,0.00125286,29.43
29.8667,99.9484,99.9484,99.9988,0.00124936,29.43
29.8833,99.9485,99.9485,99.9988,0.00124586,29.43
29.9,99.9486,99.9486,99.9988,0.00124238,29.43
29.9167,99.9487,99.9487,99.9988,0.0012389,29.43
29.9333,99.9488,99.9488,99.9988,0.00123544,29.43
29.95,99.9489,99.9489,99.9988,0.00123198,29.43
29.9667,99.9489,99.9489,99.9988,0.00122854,29.43
29.9833,99.949,99.949,99.9988,0.0012251,29.43
30,99.9491,99.9491,99.9988,0.00122168,29.43
